date,1001001,1001002,1001003,1020002,1020003,1021001,1021002,1041002,1044001,1050002,1050004,1201001,1201003,1201005,1210001,1211001,1300009,1310002,1410004,1502002,1502008,1610004,1730002,1730003,1730007,1730012,2101001,2103001,2103002,2103014,2104002,2104003,2104013,2105001,2105002,2105005,2105007,2110001,2110002,2110004,2110031,2112005,2112006,2112007,2113001,2120001,2510001,3022001,3041001,3041002,3041003,3041004,3041005,3050001,3404001,3414001,3421001,3430001,3430003,3431001,3434003,3450001,3453001,3802001,3804002,3806001,3814003,3815001,3815002,3820001,3820002,3820003,3825001,4301002,4302001,4308001,4311001,4313001,4314002,4320001,4323001,4501001,4503001,4511002,4512001,4513001,4514001,4515002,4520001,4522002,4523002,4530001,4531002,4532001,4533002,4537001,4558001,4703002,4704001,4704002,4711001,4712001,4714001,4716004,4721001,4723001,4726001,4730001,4810001,4810005,4810006,5100001,5101001,5110002,5120001,5200001,5221002,5320001,5401003,5402001,5402015,5403002,5406001,5410002,5410005,5411001,5414001,5421002,5423003,5701001,5701002,5702001,5703006,5704002,5705001,5706001,5707002,5710001,5716001,5720001,5721001,5721016,5722001,5722002,5730008,5734001,5737002,5741001,5746001,5748001,6000003,6002001,6003001,6006001,6008005,6011001,6013001,6015001,6018001,6019003,6027001,6028001,6033011,6034022,6034023,6035001,6043001,6132001,7102005,7103001,7104002,7112001,7115001,7116001,7123001,7200002,7300001,7303000,7306001,7308001,7308002,7317003,7317005,7320003,7321002,7322001,7330001,7332001,7335001,7335002,7336001,7339001,7341001,7343001,7350001,7350002,7350003,7354002,7355001,7355002,7355003,7357002,7358001,7359001,7372001,7374001,7379002,7381001,7383001,7400001,8104001,8105001,8106002,8112001,8114001,8117005,8117006,8123001,8124001,8124002,8130001,8130002,8132001,8134003,8135002,8140002,8141001,8144001,8210003,8220001,8220008,8220009,8220010,8304001,8307002,8308000,8312000,8312001,8313000,8313001,8316002,8317001,8317002,8317004,8317005,8319001,8323001,8323002,8324002,8330001,8332001,8334001,8342001,8343001,8351001,8356001,8358001,8362001,8366002,8372002,8376001,8380001,8380006,8381003,8383001,8393002,8394001,8700002,8700003,8720001,8820001,8821001,8821002,8821003,8821006,8822002,8910001,9101001,9101002,9102001,9104001,9104002,9106001,9107001,9113001,9116001,9122002,9123001,9126001,9127001,9129002,9131001,9134001,9135001,9140001,9400000,9402001,9404001,9405001,9412001,9414001,9416001,9420001,9423001,9433001,9434001,9436001,9437002,10100002,10100006,10102001,10111001,10121001,10122001,10122003,10133000,10134001,10137001,10140001,10142003,10304001,10305001,10306001,10311001,10313001,10322003,10327001,10328001,10340001,10343001,10343002,10344003,10344004,10351001,10356001,10362001,10363002,10364001,10401001,10405002,10405005,10411002,10414001,10431000,10431001,10432002,10432003,10440000,10503001,10514001,10520001,10523002,10701002,10702002,10704002,11020004,11040001,11130001,11141001,11143001,11143002,11147001,11147002,11302001,11307001,11308001,11310001,11310002,11310003,11312001,11315001,11316001,11317001,11335002,11337001,11342001,11405001,11500002,11505001,11514001,11520002,11521001,11530000,11532000,11536001,11536004,11542001,11545000,11701001,11710000,11711000,12280002,12284002,12284003,12284005,12284006,12284007,12285001,12285003,12286002,12287001,12288002,12288003,12288004,12289001,12289002,12291001,12400003,12400004,12448001,12452001,12561001,12563001,12582001,12585001,12586001,12600001,12622001,12660001,12802001,12805001,12806001,12820001,12825002,12861001,12863002,12865001,12872001,12876001,12876004,12878001,12930001
2021-01-31,0,0,0,21.63,21.63,21.63,0,0,0,0,0,0,0,0,0,0,0,0,0,3.33,3.33,0,0,0,0,0,0,0,0,0,0,0,0,0,0,0,0,0.81,0.81,0.81,0.81,0.81,0.81,0.81,0,0.81,0,0,0,0,0,0,0,0,0,0,0,1.27,0,1.27,1.27,1.27,1.27,0,0,0,0,0,0,0,0,3.01,3.01,1.56,0,1.56,0,0,0,1.56,6.65,0,0,0,0,0,0,0,0,0,0,0,0,0,0,2.02,20.12,0,0.0,0.0,0.0,0,0.84,0.84,0,0,0,0.84,0,0,0,0,0,0,0,0,0,0,0,0,0,0,0,0,0,0,0,0,0,0,0,0,0,6.76,0,0,0,6.76,0,0,0,0,0,0,0,2.79,2.79,0,0,9.54,0,0,0,0,0,0,0,0,0,0,0,0,0,0,5.63,5.63,4.68,0,0,0,0,0,0,0,0,0,47.32,47.32,0,0,47.32,3.15,0,0,50.46,90.38,0,3.98,3.98,0,0,1.06,0,0,1.71,1.71,0,0,0,0,0,6.75,5.05,11.8,0,0,0,0,102.18,0,0,0,0,0,1.71,0,0,0,0,0,0,0,0,0,0,1.71,1.71,0,0,0,0,0,0,0,12.05,0,27.81,27.81,0,31.6,0,36.43,0,31.6,31.6,36.43,0,0,0,0,0,36.43,0,0,0,0,0.9,0,0,0,0,67.83,67.83,67.83,67.83,0,105.16,0,0,0,0,0,0,0,0,0,37.95,0,0,0,0,0,0,0,0,0,0,0,0,0,0,0,0,0,0,0,0,0,55.23,1.25,1.25,0.98,225.25,236.24,0,0,0,291.47,63.43,63.43,0,540.94,0,540.94,540.94,0,0,0,0,0,70.82,0,0,493.77,0,0,0,156.71,232.52,0,0,232.52,232.52,0,0,0,0,232.52,0,0,0,0,845.66,0,0,44.43,0,0,49.39,94.18,155.54,155.54,14.05,216.41,233.2,7.11,248.71,0,0,2.23,0,16.87,0,5.64,0,5.64,0,0,0,0,0,0,17.82,67.16,80.95,104.41,0,0,34.45,0,6.17,0,1854.92,0,405.3,1854.92,2298.28,2298.28,166.62,185.41,514.02,0,0,0,0,0,0,0,0,0,31.89,0,0,0,323.53,0,0,0,74.27,24.57,0,0,0,9.32,0,0,0,0,0,0,0,0,0,561.73,0,0,0,0,191.37,0,0,0
2021-02-28,0,0,0,22.11,22.11,22.11,0,0,0,0,0,0,0,0,0,0,0,0,0,3.17,3.17,0,0,0,0,0,0,0,0,0,0,0,0,0,0,0,0,0.65,0.65,0.65,0.65,0.65,0.65,0.65,0,0.65,0,0,0,0,0,0,0,0,0,0,0,1.24,0,1.24,1.24,1.24,1.24,0,0,0,0,0,0,0,0,2.94,2.94,1.57,0,1.57,0,0,0,1.57,6.47,0,0,0,0,0,0,0,0,0,0,0,0,0,0,1.83,19.11,0,0.0,0.0,0.0,0,0.72,0.72,0,0,0,0.72,0,0,0,0,0,0,0,0,0,0,0,0,0,0,0,0,0,0,0,0,0,0,0,0,0,6.99,0,0,0,6.99,0,0,0,0,0,0,0,2.71,2.71,0,0,9.7,0,0,0,0,0,0,0,0,0,0,0,0,0,0,5.63,5.63,4.18,0,0,0,0,0,0,0,0,0,47.15,47.15,0,0,47.15,3.18,0,0,50.33,88.93,0,2.84,2.84,0,0,0.86,0,0,1.48,1.48,0,0,0,0,0,5.18,5.05,10.22,0,0,0,0,99.15,0,0,0,0,0,1.59,0,0,0,0,0,0,0,0,0,0,1.59,1.59,0,0,0,0,0,0,0,12.13,0,26.9,26.9,0,30.69,0,35.52,0,30.69,30.69,35.52,0,0,0,0,0,35.52,0,0,0,0,0.86,0,0,0,0,66.78,66.78,66.78,66.78,0,103.16,0,0,0,0,0,0,0,0,0,37.89,0,0,0,0,0,0,0,0,0,0,0,0,0,0,0,0,0,0,0,0,0,55.37,1.26,1.26,0.97,225.38,236.35,0,0,0,291.71,63.47,63.47,0,541.1,0,541.1,541.1,0,0,0,0,0,70.72,0,0,493.48,0,0,0,156.36,232.9,0,0,232.9,232.9,0,0,0,0,232.9,0,0,0,0,856.28,0,0,44.41,0,0,49.43,94.32,155.64,155.64,14.07,216.53,233.35,7.05,248.37,0,0,2.22,0,16.6,0,5.61,0,5.61,0,0,0,0,0,0,17.87,67.25,80.96,104.44,0,0,34.48,0,6.19,0,1883.09,0,407.2,1883.09,2328.45,2328.45,168.42,187.44,685.22,0,0,0,0,0,0,0,0,0,33.72,0,0,0,325.74,0,0,0,72.66,24.95,0,0,0,9.44,0,0,0,0,0,0,0,0,0,576.78,0,0,0,0,213.06,0,0,0
2021-03-31,0,0,0,22.3,22.3,22.3,0,0,0,0,0,0,0,0,0,0,0,0,0,3.32,3.32,0,0,0,0,0,0,0,0,0,0,0,0,0,0,0,0,0.69,0.69,0.69,0.69,0.69,0.69,0.69,0,0.69,0,0,0,0,0,0,0,0,0,0,0,1.24,0,1.24,1.24,1.24,1.24,0,0,0,0,0,0,0,0,2.83,2.83,1.57,0,1.57,0,0,0,1.57,6.27,0,0,0,0,0,0,0,0,0,0,0,0,0,0,1.77,18.44,0,0.0,0.0,0.0,0,0.62,0.62,0,0,0,0.62,0,0,0,0,0,0,0,0,0,0,0,0,0,0,0,0,0,0,0,0,0,0,0,0,0,7.24,0,0,0,7.24,0,0,0,0,0,0,0,2.64,2.64,0,0,9.88,0,0,0,0,0,0,0,0,0,0,0,0,0,0,5.63,5.63,3.7,0,0,0,0,0,0,0,0,0,47.35,47.35,0,0,47.35,2.84,0,0,50.18,87.04,0,1.63,1.63,0,0,0.7,0,0,1.08,1.08,0,0,0,0,0,3.4,5.05,8.45,0,0,0,0,95.48,0,0,0,0,0,1.37,0,0,0,0,0,0,0,0,0,0,1.37,1.37,0,0,0,0,0,0,0,12.04,0,25.74,25.74,0,29.54,0,34.36,0,29.54,29.54,34.36,0,0,0,0,0,34.36,0,0,0,0,0.84,0,0,0,0,63.75,63.75,63.75,63.75,0,98.95,0,0,0,0,0,0,0,0,0,37.87,0,0,0,0,0,0,0,0,0,0,0,0,0,0,0,0,0,0,0,0,0,55.33,1.27,1.27,0.97,224.99,235.96,0,0,0,291.3,63.56,63.56,0,541.02,0,541.02,541.02,0,0,0,0,0,70.59,0,0,493.42,0,0,0,156.19,232.84,0,0,232.84,232.84,0,0,0,0,232.84,0,0,0,0,833.58,0,0,44.49,0,0,49.55,94.83,156.29,156.29,14.06,216.94,233.77,7.02,247.18,0,0,2.23,0,16.83,0,5.59,0,5.59,0,0,0,0,0,0,17.82,67.58,81.28,104.69,0,0,34.61,0,6.2,0,1862.68,0,407.78,1862.68,2308.81,2308.81,167.83,187.1,524.29,0,0,0,0,0,0,0,0,0,33.81,0,0,0,325.94,0,0,0,72.6,25.58,0,0,0,9.53,0,0,0,0,0,0,0,0,0,519.93,0,0,0,0,210.93,0,0,0
2021-04-30,0,0,0,22.15,22.15,22.15,0,0,0,0,0,0,0,0,0,0,0,0,0,3.12,3.12,0,0,0,0,0,0,0,0,0,0,0,0,0,0,0,0,0.69,0.69,0.69,0.69,0.69,0.69,0.69,0,0.69,0,0,0,0,0,0,0,0,0,0,0,1.24,0,1.24,1.24,1.24,1.24,0,0,0,0,0,0,0,0,2.77,2.77,1.56,0,1.56,0,0,0,1.56,6.1,0,0,0,0,0,0,0,0,0,0,0,0,0,0,1.69,17.95,0,0.0,0.0,0.0,0,0.47,0.47,0,0,0,0.47,0,0,0,0,0,0,0,0,0,0,0,0,0,0,0,0,0,0,0,0,0,0,0,0,0,7.4,0,0,0,7.4,0,0,0,0,0,0,0,2.59,2.59,0,0,9.99,0,0,0,0,0,0,0,0,0,0,0,0,0,0,5.62,5.62,3.35,0,0,0,0,0,0,0,0,0,47.36,47.36,0,0,47.36,2.89,0,0,50.24,83.09,0,1.29,1.29,0,0,0.47,0,0,0.55,0.55,0,0,0,0,0,2.31,5.05,7.35,0,0,0,0,90.44,0,0,0,0,0,1.04,0,0,0,0,0,0,0,0,0,0,1.04,1.04,0,0,0,0,0,0,0,12.03,0,25.32,25.32,0,29.09,0,34.03,0,29.09,29.09,34.03,0,0,0,0,0,34.03,0,0,0,0,0.83,0,0,0,0,62.19,62.19,62.19,62.19,0,97.05,0,0,0,0,0,0,0,0,0,37.86,0,0,0,0,0,0,0,0,0,0,0,0,0,0,0,0,0,0,0,0,0,55.31,1.27,1.27,0.98,224.86,235.82,0,0,0,291.14,63.69,63.69,0,540.53,0,540.53,540.53,0,0,0,0,0,70.27,0,0,476.73,0,0,0,156.19,232.99,0,0,232.99,232.99,0,0,0,0,232.99,0,0,0,0,794.91,0,0,44.51,0,0,49.44,90.65,151.94,151.94,14.05,216.39,233.17,7.02,245.11,0,0,2.17,0,16.72,0,5.62,0,5.62,0,0,0,0,0,0,17.72,61.79,74.84,98.19,0,0,30.29,0,6.18,0,1748.76,0,407.45,1748.76,2194.57,2194.57,166.61,185.93,552.94,0,0,0,0,0,0,0,0,0,33.87,0,0,0,325.68,0,0,0,71.96,24.72,0,0,0,9.76,0,0,0,0,0,0,0,0,0,579.4,0,0,0,0,206.19,0,0,0
2021-05-31,0,0,0,22.19,22.19,22.19,0,0,0,0,0,0,0,0,0,0,0,0,0,3.09,3.09,0,0,0,0,0,0,0,0,0,0,0,0,0,0,0,0,0.68,0.68,0.68,0.68,0.68,0.68,0.68,0,0.68,0,0,0,0,0,0,0,0,0,0,0,1.31,0,1.31,1.31,1.31,1.31,0,0,0,0,0,0,0,0,2.78,2.78,1.58,0,1.58,0,0,0,1.58,6.02,0,0,0,0,0,0,0,0,0,0,0,0,0,0,1.64,17.44,0,0.0,0.0,0.0,0,0.41,0.41,0,0,0,0.41,0,0,0,0,0,0,0,0,0,0,0,0,0,0,0,0,0,0,0,0,0,0,0,0,0,7.57,0,0,0,7.57,0,0,0,0,0,0,0,2.56,2.56,0,0,10.13,0,0,0,0,0,0,0,0,0,0,0,0,0,0,5.23,5.23,3.17,0,0,0,0,0,0,0,0,0,48.42,48.42,0,0,48.42,3.26,0,0,51.67,78.16,0,2.16,2.16,0,0,0.54,0,0,0.99,0.99,0,0,0,0,0,3.69,5.04,8.74,0,0,0,0,86.9,0,0,0,0,0,0.99,0,0,0,0,0,0,0,0,0,0,0.99,0.99,0,0,0,0,0,0,0,12.13,0,25.66,25.66,0,29.44,0,34.4,0,29.44,29.44,34.4,0,0,0,0,0,34.4,0,0,0,0,0.9,0,0,0,0,62.53,62.53,62.53,62.53,0,97.83,0,0,0,0,0,0,0,0,0,37.84,0,0,0,0,0,0,0,0,0,0,0,0,0,0,0,0,0,0,0,0,0,55.33,1.26,1.26,0.98,225.12,236.1,0,0,0,291.43,63.74,63.74,0,527.09,0,527.09,527.09,0,0,0,0,0,70.23,0,0,495.42,0,0,0,156.99,232.87,0,0,232.87,232.87,0,0,0,0,232.87,0,0,0,0,830.2,0,0,44.51,0,0,49.53,93.48,154.9,154.9,13.42,216.73,232.9,7.08,233.81,0,0,2.22,0,16.55,0,5.74,0,5.74,0,0,0,0,0,0,18.24,68.18,80.57,104.55,0,0,34.72,0,6.22,0,1871.31,0,408.34,1871.31,2318.58,2318.58,169.01,187.94,614.46,0,0,0,0,0,0,0,0,0,29.38,0,0,0,263.92,0,0,0,68.4,25.31,0,0,0,7.13,0,0,0,0,0,0,0,0,0,549.47,0,0,0,0,211.23,0,0,0
2021-06-30,0,0,0,22.05,22.05,22.05,0,0,0,0,0,0,0,0,0,0,0,0,0,3.04,3.04,0,0,0,0,0,0,0,0,0,0,0,0,0,0,0,0,0.72,0.72,0.72,0.72,0.72,0.72,0.72,0,0.72,0,0,0,0,0,0,0,0,0,0,0,1.34,0,1.34,1.34,1.34,1.34,0,0,0,0,0,0,0,0,2.87,2.87,1.55,0,1.55,0,0,0,1.55,6.05,0,0,0,0,0,0,0,0,0,0,0,0,0,0,1.65,17.4,0,0.0,0.0,0.0,0,0.41,0.41,0,0,0,0.41,0,0,0,0,0,0,0,0,0,0,0,0,0,0,0,0,0,0,0,0,0,0,0,0,0,7.62,0,0,0,7.62,0,0,0,0,0,0,0,2.55,2.55,0,0,10.17,0,0,0,0,0,0,0,0,0,0,0,0,0,0,5.14,5.14,3.1,0,0,0,0,0,0,0,0,0,48.74,48.74,0,0,48.74,3.55,0,0,52.29,79.02,0,3.39,3.39,0,0,0.65,0,0,1.45,1.45,0,0,0,0,0,5.5,5.07,10.57,0,0,0,0,89.58,0,0,0,0,0,1.35,0,0,0,0,0,0,0,0,0,0,1.35,1.35,0,0,0,0,0,0,0,12.25,0,28.05,28.05,0,31.86,0,36.82,0,31.86,31.86,36.82,0,0,0,0,0,36.82,0,0,0,0,0.88,0,0,0,0,64.61,64.61,64.61,64.61,0,102.31,0,0,0,0,0,0,0,0,0,37.86,0,0,0,0,0,0,0,0,0,0,0,0,0,0,0,0,0,0,0,0,0,55.57,1.3,1.3,0.97,222.33,233.35,0,0,0,288.93,64.12,64.12,0,538.79,0,538.79,538.79,0,0,0,0,0,70.6,0,0,494.8,0,0,0,157.33,233.07,0,0,233.07,233.07,0,0,0,0,233.07,0,0,0,0,852.5,0,0,44.66,0,0,49.61,90.2,151.77,151.77,13.79,217.88,234.45,7.19,232.01,0,0,2.2,0,16.6,0,5.89,0,5.89,0,0,0,0,0,0,18.15,68.11,81.86,105.9,0,0,35.01,0,6.25,0,1683.74,0,408.41,1683.74,2131.52,2131.52,169.37,188.36,683.01,0,0,0,0,0,0,0,0,0,34.27,0,0,0,328.66,0,0,0,73.32,25.66,0,0,0,10.11,0,0,0,0,0,0,0,0,0,482.98,0,0,0,0,202.37,0,0,0
2021-07-31,0,0,0,22.11,22.11,22.11,0,0,0,0,0,0,0,0,0,0,0,0,0,3.02,3.02,0,0,0,0,0,0,0,0,0,0,0,0,0,0,0,0,0.8,0.8,0.8,0.8,0.8,0.8,0.8,0,0.8,0,0,0,0,0,0,0,0,0,0,0,1.36,0,1.36,1.36,1.36,1.36,0,0,0,0,0,0,0,0,2.88,2.88,1.53,0,1.53,0,0,0,1.53,6.01,0,0,0,0,0,0,0,0,0,0,0,0,0,0,1.72,17.44,0,0.0,0.0,0.0,0,0.4,0.4,0,0,0,0.4,0,0,0,0,0,0,0,0,0,0,0,0,0,0,0,0,0,0,0,0,0,0,0,0,0,7.97,0,0,0,7.97,0,0,0,0,0,0,0,2.54,2.54,0,0,10.51,0,0,0,0,0,0,0,0,0,0,0,0,0,0,5.11,5.11,3.04,0,0,0,0,0,0,0,0,0,48.77,48.77,0,0,48.77,3.21,0,0,51.97,74.16,0,4.13,4.13,0,0,0.73,0,0,1.68,1.68,0,0,0,0,0,6.53,2.76,9.29,0,0,0,0,83.45,0,0,0,0,0,1.74,0,0,0,0,0,0,0,0,0,0,1.74,1.74,0,0,0,0,0,0,0,12.21,0,26.36,26.36,0,30.17,0,35.09,0,30.17,30.17,35.09,0,0,0,0,0,35.09,0,0,0,0,0.9,0,0,0,0,71.75,71.75,71.75,71.75,0,107.74,0,0,0,0,0,0,0,0,0,37.92,0,0,0,0,0,0,0,0,0,0,0,0,0,0,0,0,0,0,0,0,0,55.46,1.26,1.26,0.98,225.87,236.88,0,0,0,292.34,63.81,63.81,0,542.05,0,542.05,542.05,0,0,0,0,0,70.53,0,0,458.95,0,0,0,154.96,231.39,0,0,231.39,231.39,0,0,0,0,231.39,0,0,0,0,830.97,0,0,42.94,0,0,49.57,86.83,148.32,148.32,14.18,218.24,235.21,7.03,232.84,0,0,2.25,0,15.9,0,5.78,0,5.78,0,0,0,0,0,0,18.4,68.5,82.31,106.5,0,0,35.02,0,6.17,0,1774.39,0,399.56,1774.39,2212.34,2212.34,167.29,186.15,680.51,0,0,0,0,0,0,0,0,0,33.09,0,0,0,325.71,0,0,0,73.69,25.69,0,0,0,10.0,0,0,0,0,0,0,0,0,0,432.56,0,0,0,0,195.39,0,0,0
2021-08-31,0,0,0,22.1,22.1,22.1,0,0,0,0,0,0,0,0,0,0,0,0,0,2.98,2.98,0,0,0,0,0,0,0,0,0,0,0,0,0,0,0,0,0.83,0.83,0.83,0.83,0.83,0.83,0.83,0,0.83,0,0,0,0,0,0,0,0,0,0,0,1.35,0,1.35,1.35,1.35,1.35,0,0,0,0,0,0,0,0,2.87,2.87,1.6,0,1.6,0,0,0,1.6,5.95,0,0,0,0,0,0,0,0,0,0,0,0,0,0,1.49,16.79,0,0.0,0.0,0.0,0,0.41,0.41,0,0,0,0.41,0,0,0,0,0,0,0,0,0,0,0,0,0,0,0,0,0,0,0,0,0,0,0,0,0,7.77,0,0,0,7.77,0,0,0,0,0,0,0,2.54,2.54,0,0,10.31,0,0,0,0,0,0,0,0,0,0,0,0,0,0,5.38,5.38,3.0,0,0,0,0,0,0,0,0,0,48.77,48.77,0,0,48.77,3.43,0,0,52.2,80.26,0,4.22,4.22,0,0,0.97,0,0,1.83,1.83,0,0,0,0,0,7.02,5.04,12.06,0,0,0,0,92.32,0,0,0,0,0,1.75,0,0,0,0,0,0,0,0,0,0,1.75,1.75,0,0,0,0,0,0,0,12.18,0,27.13,27.13,0,30.94,0,35.83,0,30.94,30.94,35.83,0,0,0,0,0,35.83,0,0,0,0,0.9,0,0,0,0,69.86,69.86,69.86,69.86,0,106.59,0,0,0,0,0,0,0,0,0,37.92,0,0,0,0,0,0,0,0,0,0,0,0,0,0,0,0,0,0,0,0,0,55.44,1.25,1.25,0.98,225.64,236.72,0,0,0,292.16,63.9,63.9,0,537.95,0,537.95,537.95,0,0,0,0,0,70.8,0,0,479.08,0,0,0,156.95,233.12,0,0,233.12,233.12,0,0,0,0,233.12,0,0,0,0,844.33,0,0,44.66,0,0,49.78,90.22,151.83,151.83,14.08,217.48,234.33,7.05,237.1,0,0,2.24,0,16.86,0,5.71,0,5.71,0,0,0,0,0,0,18.39,68.42,82.16,106.26,0,0,34.86,0,6.22,0,1887.64,0,409.21,1887.64,2335.79,2335.79,168.66,187.53,679.95,0,0,0,0,0,0,0,0,0,33.71,0,0,0,327.32,0,0,0,74.2,25.71,0,0,0,9.82,0,0,0,0,0,0,0,0,0,553.89,0,0,0,0,193.61,0,0,0
2021-09-30,0,0,0,22.0,22.0,22.0,0,0,0,0,0,0,0,0,0,0,0,0,0,2.92,2.92,0,0,0,0,0,0,0,0,0,0,0,0,0,0,0,0,0.9,0.9,0.9,0.9,0.9,0.9,0.9,0,0.9,0,0,0,0,0,0,0,0,0,0,0,1.35,0,1.35,1.35,1.35,1.35,0,0,0,0,0,0,0,0,2.84,2.84,1.58,0,1.58,0,0,0,1.58,5.84,0,0,0,0,0,0,0,0,0,0,0,0,0,0,1.4,16.46,0,0.0,0.0,0.0,0,0.47,0.47,0,0,0,0.47,0,0,0,0,0,0,0,0,0,0,0,0,0,0,0,0,0,0,0,0,0,0,0,0,0,7.53,0,0,0,7.53,0,0,0,0,0,0,0,2.54,2.54,0,0,10.07,0,0,0,0,0,0,0,0,0,0,0,0,0,0,5.63,5.63,2.98,0,0,0,0,0,0,0,0,0,48.73,48.73,0,0,48.73,3.37,0,0,52.1,83.83,0,4.24,4.24,0,0,1.14,0,0,1.86,1.86,0,0,0,0,0,7.25,4.94,12.2,0,0,0,0,96.02,0,0,0,0,0,1.75,0,0,0,0,0,0,0,0,0,0,1.75,1.75,0,0,0,0,0,0,0,12.26,0,28.71,28.71,0,32.49,0,37.34,0,32.49,32.49,37.34,0,0,0,0,0,37.34,0,0,0,0,0.93,0,0,0,0,67.66,67.66,67.66,67.66,0,105.92,0,0,0,0,0,0,0,0,0,38.04,0,0,0,0,0,0,0,0,0,0,0,0,0,0,0,0,0,0,0,0,0,55.48,1.25,1.25,0.97,225.4,236.45,0,0,0,291.94,63.69,63.69,0,543.17,0,543.17,543.17,0,0,0,0,0,71.03,0,0,495.29,0,0,0,156.89,232.97,0,0,232.97,232.97,0,0,0,0,232.97,0,0,0,0,849.78,0,0,44.82,0,0,49.62,93.0,154.6,154.6,14.09,215.59,232.41,7.03,241.83,0,0,2.22,0,17.27,0,5.66,0,5.66,0,0,0,0,0,0,18.16,67.49,81.23,105.05,0,0,33.89,0,6.17,0,1871.49,0,407.31,1871.49,2316.56,2316.56,168.34,186.96,678.67,0,0,0,0,0,0,0,0,0,33.67,0,0,0,322.12,0,0,0,74.02,25.63,0,0,0,9.7,0,0,0,0,0,0,0,0,0,501.58,0,0,0,0,199.5,0,0,0
2021-10-31,0,0,0,21.93,21.93,21.93,0,0,0,0,0,0,0,0,0,0,0,0,0,2.9,2.9,0,0,0,0,0,0,0,0,0,0,0,0,0,0,0,0,0.84,0.84,0.84,0.84,0.84,0.84,0.84,0,0.84,0,0,0,0,0,0,0,0,0,0,0,1.33,0,1.33,1.33,1.33,1.33,0,0,0,0,0,0,0,0,2.76,2.76,1.55,0,1.55,0,0,0,1.55,5.72,0,0,0,0,0,0,0,0,0,0,0,0,0,0,1.37,16.19,0,0.66,0.66,0.66,0,0.61,1.27,0,0,0,1.27,0,0,0,0,0,0,0,0,0,0,0,0,0,0,0,0,0,0,0,0,0,0,0,0,0,7.12,0,0,0,7.12,0,0,0,0,0,0,0,2.55,2.55,0,0,9.68,0,0,0,0,0,0,0,0,0,0,0,0,0,0,5.63,5.63,2.99,0,0,0,0,0,0,0,0,0,48.64,48.64,0,0,48.64,3.52,0,0,52.16,91.42,0,4.25,4.25,0,0,1.16,0,0,1.86,1.86,0,0,0,0,0,7.28,4.99,12.27,0,0,0,0,103.69,0,0,0,0,0,1.75,0,0,0,0,0,0,0,0,0,0,1.75,1.75,0,0,0,0,0,0,0,12.25,0,28.9,28.9,0,32.69,0,37.55,0,32.69,32.69,37.55,0,0,0,0,0,37.55,0,0,0,0,0.92,0,0,0,0,66.99,66.99,66.99,66.99,0,105.46,0,0,0,0,0,0,0,0,0,38.02,0,0,0,0,0,0,0,0,0,0,0,0,0,0,0,0,0,0,0,0,0,55.45,1.25,1.25,0.96,225.46,236.54,0,0,0,291.99,63.66,63.66,0,541.1,0,541.1,541.1,0,0,0,0,0,71.07,0,0,479.99,0,0,0,156.79,233.18,0,0,233.18,233.18,0,0,0,0,233.18,0,0,0,0,852.12,0,0,45.1,0,0,49.56,94.5,156.03,156.03,14.05,214.58,231.38,7.02,248.52,0,0,2.22,0,16.63,0,5.61,0,5.61,0,0,0,0,0,0,18.05,67.15,80.88,104.53,0,0,34.23,0,6.16,0,1857.11,0,406.76,1857.11,2301.74,2301.74,165.46,184.39,670.01,0,0,0,0,0,0,0,0,0,33.6,0,0,0,314.59,0,0,0,73.6,25.55,0,0,0,9.82,0,0,0,0,0,0,0,0,0,574.98,0,0,0,0,217.21,0,0,0
2021-11-30,0,0,0,21.94,21.94,21.94,0,0,0,0,0,0,0,0,0,0,0,0,0,3.13,3.13,0,0,0,0,0,0,0,0,0,0,0,0,0,0,0,0,0.84,0.84,0.84,0.84,0.84,0.84,0.84,0,0.84,0,0,0,0,0,0,0,0,0,0,0,1.14,0,1.14,1.14,1.14,1.14,0,0,0,0,0,0,0,0,2.75,2.75,1.52,0,1.52,0,0,0,1.52,5.6,0,0,0,0,0,0,0,0,0,0,0,0,0,0,1.09,15.2,0,0.53,0.53,0.53,0,0.61,1.14,0,0,0,1.14,0,0,0,0,0,0,0,0,0,0,0,0,0,0,0,0,0,0,0,0,0,0,0,0,0,6.96,0,0,0,6.96,0,0,0,0,0,0,0,2.57,2.57,0,0,9.54,0,0,0,0,0,0,0,0,0,0,0,0,0,0,5.63,5.63,3.0,0,0,0,0,0,0,0,0,0,48.54,48.54,0,0,48.54,3.31,0,0,51.85,94.53,0,4.24,4.24,0,0,1.15,0,0,1.86,1.86,0,0,0,0,0,7.26,5.03,12.29,0,0,0,0,106.82,0,0,0,0,0,1.74,0,0,0,0,0,0,0,0,0,0,1.74,1.74,0,0,0,0,0,0,0,12.25,0,28.95,28.95,0,32.75,0,37.61,0,32.75,32.75,37.61,0,0,0,0,0,37.61,0,0,0,0,0.9,0,0,0,0,67.77,67.77,67.77,67.77,0,106.28,0,0,0,0,0,0,0,0,0,37.82,0,0,0,0,0,0,0,0,0,0,0,0,0,0,0,0,0,0,0,0,0,55.52,1.24,1.24,0.97,225.26,236.28,0,0,0,291.8,63.55,63.55,0,543.07,0,543.07,543.07,0,0,0,0,0,71.01,0,0,493.55,0,0,0,156.82,232.61,0,0,232.61,232.61,0,0,0,0,232.61,0,0,0,0,842.91,0,0,45.04,0,0,49.46,94.02,155.41,155.41,14.01,215.05,231.8,7.04,248.75,0,0,2.22,0,16.87,0,5.64,0,5.64,0,0,0,0,0,0,18.14,67.89,81.62,105.4,0,0,34.31,0,6.18,0,1869.35,0,407.1,1869.35,2314.69,2314.69,166.68,185.48,671.13,0,0,0,0,0,0,0,0,0,33.51,0,0,0,322.96,0,0,0,73.54,25.41,0,0,0,9.61,0,0,0,0,0,0,0,0,0,577.16,0,0,0,0,206.56,0,0,0
2021-12-31,0,0,0,21.52,21.52,21.52,0,0,0,0,0,0,0,0,0,0,0,0,0,2.81,2.81,0,0,0,0,0,0,0,0,0,0,0,0,0,0,0,0,0.81,0.81,0.81,0.81,0.81,0.81,0.81,0,0.81,0,0,0,0,0,0,0,0,0,0,0,1.02,0,1.02,1.02,1.02,1.02,0,0,0,0,0,0,0,0,2.72,2.72,1.5,0,1.5,0,0,0,1.5,5.39,0,0,0,0,0,0,0,0,0,0,0,0,0,0,0.96,14.56,0,0.44,0.44,0.44,0,0.56,1.0,0,0,0,1.0,0,0,0,0,0,0,0,0,0,0,0,0,0,0,0,0,0,0,0,0,0,0,0,0,0,7.05,0,0,0,7.05,0,0,0,0,0,0,0,2.59,2.59,0,0,9.65,0,0,0,0,0,0,0,0,0,0,0,0,0,0,5.63,5.63,3.01,0,0,0,0,0,0,0,0,0,48.26,48.26,0,0,48.26,3.01,0,0,51.27,93.42,0,4.19,4.19,0,0,1.11,0,0,1.84,1.84,0,0,0,0,0,7.14,5.05,12.19,0,0,0,0,105.61,0,0,0,0,0,1.74,0,0,0,0,0,0,0,0,0,0,1.74,1.74,0,0,0,0,0,0,0,12.14,0,28.79,28.79,0,32.59,0,37.41,0,32.59,32.59,37.41,0,0,0,0,0,37.41,0,0,0,0,0.9,0,0,0,0,67.76,67.76,67.76,67.76,0,106.07,0,0,0,0,0,0,0,0,0,38.0,0,0,0,0,0,0,0,0,0,0,0,0,0,0,0,0,0,0,0,0,0,55.25,1.25,1.25,0.99,224.84,235.84,0,0,0,291.09,63.41,63.41,0,541.03,0,541.03,541.03,0,0,0,0,0,70.55,0,0,487.21,0,0,0,155.94,232.48,0,0,232.48,232.48,0,0,0,0,232.48,0,0,0,0,855.06,0,0,44.9,0,0,49.39,93.93,155.25,155.25,13.99,215.45,232.18,7.05,248.55,0,0,2.22,0,16.62,0,5.64,0,5.64,0,0,0,0,0,0,17.96,67.33,80.95,104.54,0,0,34.34,0,6.2,0,1866.88,0,406.72,1866.88,2311.69,2311.69,167.97,186.79,652.38,0,0,0,0,0,0,0,0,0,33.77,0,0,0,325.76,0,0,0,73.26,25.42,0,0,0,9.67,0,0,0,0,0,0,0,0,0,569.71,0,0,0,0,213.81,0,0,0
2022-01-31,0,0,0,21.5,21.5,21.5,0,0,0,0,0,0,0,0,0,0,0,0,0,3.34,3.34,0,0,0,0,0,0,0,0,0,0,0,0,0,0,0,0,0.83,0.83,0.83,0.83,0.83,0.83,0.83,0,0.83,0,0,0,0,0,0,0,0,0,0,0,0.86,0,0.86,0.86,0.86,0.86,0,0,0,0,0,0,0,0,2.6,2.6,1.53,0,1.53,0,0,0,1.53,5.13,0,0,0,0,0,0,0,0,0,0,0,0,0,0,0.75,13.59,0,0.54,0.54,0.54,0,0.5,1.04,0,0,0,1.04,0,0,0,0,0,0,0,0,0,0,0,0,0,0,0,0,0,0,0,0,0,0,0,0,0,7.25,0,0,0,7.25,0,0,0,0,0,0,0,2.62,2.62,0,0,9.88,0,0,0,0,0,0,0,0,0,0,0,0,0,0,5.63,5.63,3.03,0,0,0,0,0,0,0,0,0,47.29,47.29,0,0,47.29,3.05,0,0,50.34,90.97,0,3.9,3.9,0,0,1.0,0,0,1.68,1.68,0,0,0,0,0,6.58,5.05,11.62,0,0,0,0,102.6,0,0,0,0,0,1.68,0,0,0,0,0,0,0,0,0,0,1.68,1.68,0,0,0,0,0,0,0,12.08,0,28.74,28.74,0,32.55,0,37.39,0,32.55,32.55,37.39,0,0,0,0,0,37.39,0,0,0,0,0.86,0,0,0,0,64.1,64.1,64.1,64.1,0,102.35,0,0,0,0,0,0,0,0,0,37.96,0,0,0,0,0,0,0,0,0,0,0,0,0,0,0,0,0,0,0,0,0,55.32,1.25,1.25,0.99,224.54,235.53,0,0,0,290.85,63.44,63.44,0,541.12,0,541.12,541.12,0,0,0,0,0,70.49,0,0,490.33,0,0,0,156.43,232.77,0,0,232.77,232.77,0,0,0,0,232.77,0,0,0,0,856.77,0,0,45.09,0,0,49.4,94.06,155.46,155.46,14.09,214.16,230.98,7.05,248.44,0,0,2.21,0,17.04,0,5.67,0,5.67,0,0,0,0,0,0,17.92,67.22,80.69,104.28,0,0,34.4,0,6.17,0,1861.98,0,406.62,1861.98,2306.3,2306.3,167.72,186.51,477.64,0,0,0,0,0,0,0,0,0,33.66,0,0,0,325.48,0,0,0,71.99,25.55,0,0,0,9.69,0,0,0,0,0,0,0,0,0,551.36,0,0,0,0,214.5,0,0,0
2022-02-28,0,0,0,22.38,22.38,22.38,0,0,0,0,0,0,0,0,0,0,0,0,0,3.5,3.5,0,0,0,0,0,0,0,0,0,0,0,0,0,0,0,0,0.78,0.78,0.78,0.78,0.78,0.78,0.78,0,0.78,0,0,0,0,0,0,0,0,0,0,0,0.46,0,0.46,0.46,0.46,0.46,0,0,0,0,0,0,0,0,2.56,2.56,1.52,0,1.52,0,0,0,1.52,4.88,0,0,0,0,0,0,0,0,0,0,0,0,0,0,0.44,12.63,0,0.55,0.55,0.55,0,0.41,0.96,0,0,0,0.96,0,0,0,0,0,0,0,0,0,0,0,0,0,0,0,0,0,0,0,0,0,0,0,0,0,7.16,0,0,0,7.16,0,0,0,0,0,0,0,2.65,2.65,0,0,9.82,0,0,0,0,0,0,0,0,0,0,0,0,0,0,5.63,5.63,3.05,0,0,0,0,0,0,0,0,0,46.34,46.34,0,0,46.34,2.84,0,0,49.18,87.15,0,2.56,2.56,0,0,0.79,0,0,1.27,1.27,0,0,0,0,0,4.62,5.05,9.66,0,0,0,0,96.81,0,0,0,0,0,1.49,0,0,0,0,0,0,0,0,0,0,1.49,1.49,0,0,0,0,0,0,0,11.97,0,28.63,28.63,0,32.43,0,37.33,0,32.43,32.43,37.33,0,0,0,0,0,37.33,0,0,0,0,0.85,0,0,0,0,61.1,61.1,61.1,61.1,0,99.28,0,0,0,0,0,0,0,0,0,37.94,0,0,0,0,0,0,0,0,0,0,0,0,0,0,0,0,0,0,0,0,0,55.37,1.25,1.25,0.97,224.65,235.65,0,0,0,291.03,63.36,63.36,0,540.84,0,540.84,540.84,0,0,0,0,0,70.19,0,0,492.14,0,0,0,156.59,232.71,0,0,232.71,232.71,0,0,0,0,232.71,0,0,0,0,857.3,0,0,45.05,0,0,49.41,89.77,151.06,151.06,14.05,212.3,229.08,6.98,246.77,0,0,2.21,0,16.51,0,5.63,0,5.63,0,0,0,0,0,0,18.0,66.93,79.53,103.16,0,0,34.44,0,6.19,0,1689.48,0,406.66,1689.48,2134.11,2134.11,167.75,186.59,516.32,0,0,0,0,0,0,0,0,0,33.74,0,0,0,321.78,0,0,0,71.6,25.47,0,0,0,9.32,0,0,0,0,0,0,0,0,0,579.95,0,0,0,0,191.19,0,0,0
2022-03-31,0,0,0,22.35,22.35,22.35,0,0,0,0,0,0,0,0,0,0,0,0,0,3.66,3.66,0,0,0,0,0,0,0,0,0,0,0,0,0,0,0,0,0.76,0.76,0.76,0.76,0.76,0.76,0.76,0,0.76,0,0,0,0,0,0,0,0,0,0,0,0.47,0,0.47,0.47,0.47,0.47,0,0,0,0,0,0,0,0,2.51,2.51,1.51,0,1.51,0,0,0,1.51,4.6,0,0,0,0,0,0,0,0,0,0,0,0,0,0,0.41,11.7,0,0.55,0.55,0.55,0,0.27,0.82,0,0,0,0.82,0,0,0,0,0,0,0,0,0,0,0,0,0,0,0,0,0,0,0,0,0,0,0,0,0,7.06,0,0,0,7.06,0,0,0,0,0,0,0,2.69,2.69,0,0,9.75,0,0,0,0,0,0,0,0,0,0,0,0,0,0,5.52,5.52,3.07,0,0,0,0,0,0,0,0,0,45.99,45.99,0,0,45.99,2.8,0,0,48.79,83.73,0,1.51,1.51,0,0,0.61,0,0,0.35,0.35,0,0,0,0,0,2.48,5.06,7.53,0,0,0,0,91.26,0,0,0,0,0,1.26,0,0,0,0,0,0,0,0,0,0,1.26,1.26,0,0,0,0,0,0,0,11.99,0,28.6,28.6,0,32.39,0,37.22,0,32.39,32.39,37.22,0,0,0,0,0,37.22,0,0,0,0,0.83,0,0,0,0,59.43,59.43,59.43,59.43,0,97.49,0,0,0,0,0,0,0,0,0,37.86,0,0,0,0,0,0,0,0,0,0,0,0,0,0,0,0,0,0,0,0,0,55.33,1.25,1.25,0.97,224.77,235.81,0,0,0,291.14,63.61,63.61,0,543.54,0,543.54,543.54,0,0,0,0,0,69.82,0,0,479.77,0,0,0,155.08,232.41,0,0,232.41,232.41,0,0,0,0,232.41,0,0,0,0,841.83,0,0,45.16,0,0,49.64,94.65,156.22,156.22,14.14,212.76,229.64,7.0,247.68,0,0,2.19,0,16.64,0,5.56,0,5.56,0,0,0,0,0,0,17.88,67.52,77.42,100.85,0,0,34.5,0,6.2,0,1874.62,0,407.81,1874.62,2320.35,2320.35,166.93,186.11,546.25,0,0,0,0,0,0,0,0,0,26.33,0,0,0,316.56,0,0,0,71.67,22.73,0,0,0,9.8,0,0,0,0,0,0,0,0,0,572.31,0,0,0,0,217.94,0,0,0
2022-04-30,0,0,0,22.28,22.28,22.28,0,0,0,0,0,0,0,0,0,0,0,0,0,3.6,3.6,0,0,0,0,0,0,0,0,0,0,0,0,0,0,0,0,0.71,0.71,0.71,0.71,0.71,0.71,0.71,0,0.71,0,0,0,0,0,0,0,0,0,0,0,0.77,0,0.77,0.77,0.77,0.77,0,0,0,0,0,0,0,0,2.46,2.46,1.47,0,1.47,0,0,0,1.47,4.51,0,0,0,0,0,0,0,0,0,0,0,0,0,0,0.43,11.08,0,0.55,0.55,0.55,0,0.21,0.76,0,0,0,0.76,0,0,0,0,0,0,0,0,0,0,0,0,0,0,0,0,0,0,0,0,0,0,0,0,0,6.79,0,0,0,6.79,0,0,0,0,0,0,0,2.74,2.74,0,0,9.52,0,0,0,0,0,0,0,0,0,0,0,0,0,0,4.78,4.78,3.08,0,0,0,0,0,0,0,0,0,45.73,45.73,0,0,45.73,3.1,0,0,48.83,83.07,0,1.52,1.52,0,0,0.53,0,0,0.78,0.78,0,0,0,0,0,2.83,5.04,7.87,0,0,0,0,90.94,0,0,0,0,0,0.93,0,0,0,0,0,0,0,0,0,0,0.93,0.93,0,0,0,0,0,0,0,12.07,0,28.6,28.6,0,32.41,0,37.32,0,32.41,32.41,37.32,0,0,0,0,0,37.32,0,0,0,0,0.95,0,0,0,0,58.6,58.6,58.6,58.6,0,96.88,0,0,0,0,0,0,0,0,0,37.75,0,0,0,0,0,0,0,0,0,0,0,0,0,0,0,0,0,0,0,0,0,55.42,1.28,1.28,0.97,224.81,235.82,0,0,0,291.24,64.0,64.0,0,539.46,0,539.46,539.46,0,0,0,0,0,70.45,0,0,475.53,0,0,0,153.32,222.89,0,0,222.89,222.89,0,0,0,0,222.89,0,0,0,0,841.13,0,0,44.91,0,0,49.62,93.77,155.27,155.27,14.13,212.22,228.94,7.04,248.33,0,0,2.25,0,17.03,0,5.63,0,5.63,0,0,0,0,0,0,17.73,67.81,79.54,102.91,0,0,34.62,0,6.16,0,1400.04,0,405.58,1400.04,1843.71,1843.71,161.95,180.98,565.91,0,0,0,0,0,0,0,0,0,33.36,0,0,0,294.04,0,0,0,71.8,21.98,0,0,0,9.77,0,0,0,0,0,0,0,0,0,565.89,0,0,0,0,219.55,0,0,0
2022-05-31,0,0,0,22.28,22.28,22.28,0,0,0,0,0,0,0,0,0,0,0,0,0,3.5,3.5,0,0,0,0,0,0,0,0,0,0,0,0,0,0,0,0,0.75,0.75,0.75,0.75,0.75,0.75,0.75,0,0.75,0,0,0,0,0,0,0,0,0,0,0,0.98,0,0.98,0.98,0.98,0.98,0,0,0,0,0,0,0,0,2.47,2.47,1.48,0,1.48,0,0,0,1.48,4.4,0,0,0,0,0,0,0,0,0,0,0,0,0,0,0.47,10.42,0,0.54,0.54,0.54,0,0.21,0.75,0,0,0,0.75,0,0,0,0,0,0,0,0,0,0,0,0,0,0,0,0,0,0,0,0,0,0,0,0,0,6.86,0,0,0,6.86,0,0,0,0,0,0,0,2.83,2.83,0,0,9.69,0,0,0,0,0,0,0,0,0,0,0,0,0,0,5.3,5.3,3.1,0,0,0,0,0,0,0,0,0,47.59,47.59,0,0,47.59,3.21,0,0,50.8,86.01,0,2.26,2.26,0,0,0.61,0,0,1.45,1.45,0,0,0,0,0,4.32,4.42,8.74,0,0,0,0,94.75,0,0,0,0,0,1.1,0,0,0,0,0,0,0,0,0,0,1.1,1.1,0,0,0,0,0,0,0,12.18,0,28.83,28.83,0,32.65,0,37.59,0,32.65,32.65,37.59,0,0,0,0,0,37.59,0,0,0,0,0.91,0,0,0,0,70.37,70.37,70.37,70.37,0,108.87,0,0,0,0,0,0,0,0,0,37.86,0,0,0,0,0,0,0,0,0,0,0,0,0,0,0,0,0,0,0,0,0,55.47,1.27,1.27,0.97,225.83,236.85,0,0,0,292.32,63.91,63.91,0,543.43,0,543.43,543.43,0,0,0,0,0,70.57,0,0,443.2,0,0,0,156.94,233.27,0,0,233.27,233.27,0,0,0,0,233.27,0,0,0,0,767.6,0,0,45.18,0,0,49.8,92.92,154.69,154.69,14.1,205.56,222.11,7.08,248.39,0,0,2.22,0,17.22,0,5.88,0,5.88,0,0,0,0,0,0,18.29,68.83,82.63,106.81,0,0,34.86,0,6.24,0,1876.31,0,408.49,1876.31,2324.17,2324.17,160.53,179.5,586.35,0,0,0,0,0,0,0,0,0,33.84,0,0,0,323.34,0,0,0,72.62,25.5,0,0,0,9.95,0,0,0,0,0,0,0,0,0,547.84,0,0,0,0,192.33,0,0,0
2022-06-30,0,0,0,22.17,22.17,22.17,0,0,0,0,0,0,0,0,0,0,0,0,0,3.45,3.45,0,0,0,0,0,0,0,0,0,0,0,0,0,0,0,0,0.81,0.81,0.81,0.81,0.81,0.81,0.81,0,0.81,0,0,0,0,0,0,0,0,0,0,0,1.07,0,1.07,1.07,1.07,1.07,0,0,0,0,0,0,0,0,2.64,2.64,1.48,0,1.48,0,0,0,1.48,4.4,0,0,0,0,0,0,0,0,0,0,0,0,0,0,0.54,10.8,0,0.53,0.53,0.53,0,0.32,0.85,0,0,0,0.85,0,0,0,0,0,0,0,0,0,0,0,0,0,0,0,0,0,0,0,0,0,0,0,0,0,6.83,0,0,0,6.83,0,0,0,0,0,0,0,2.99,2.99,0,0,9.82,0,0,0,0,0,0,0,0,0,0,0,0,0,0,5.42,5.42,4.09,0,0,0,0,0,0,0,0,0,47.95,47.95,0,0,47.95,3.11,0,0,51.06,90.03,0,4.03,4.03,0,0,0.77,0,0,1.67,1.67,0,0,0,0,0,6.47,3.84,10.31,0,0,0,0,100.34,0,0,0,0,0,1.69,0,0,0,0,0,0,0,0,0,0,1.69,1.69,0,0,0,0,0,0,0,12.34,0,28.9,28.9,0,32.73,0,37.71,0,32.73,32.73,37.71,0,0,0,0,0,37.71,0,0,0,0,0.9,0,0,0,0,69.54,69.54,69.54,69.54,0,108.14,0,0,0,0,0,0,0,0,0,38.2,0,0,0,0,0,0,0,0,0,0,0,0,0,0,0,0,0,0,0,0,0,55.46,1.25,1.25,0.97,209.15,220.12,0,0,0,275.58,52.63,52.63,0,524.38,0,524.38,524.38,0,0,0,0,0,70.84,0,0,468.06,0,0,0,156.18,233.23,0,0,233.23,233.23,0,0,0,0,233.23,0,0,0,0,792.18,0,0,45.23,0,0,49.6,92.34,153.91,153.91,14.09,203.6,220.45,7.09,244.83,0,0,2.22,0,17.01,0,5.89,0,5.89,0,0,0,0,0,0,18.31,68.75,82.71,106.91,0,0,34.77,0,6.25,0,1640.86,0,408.04,1640.86,2088.5,2088.5,164.92,184.18,609.39,0,0,0,0,0,0,0,0,0,34.1,0,0,0,328.12,0,0,0,72.13,25.39,0,0,0,9.5,0,0,0,0,0,0,0,0,0,516.31,0,0,0,0,174.97,0,0,0
2022-07-31,0,0,0,22.2,22.2,22.2,0,0,0,0,0,0,0,0,0,0,0,0,0,3.41,3.41,0,0,0,0,0,0,0,0,0,0,0,0,0,0,0,0,0.84,0.84,0.84,0.84,0.84,0.84,0.84,0,0.84,0,0,0,0,0,0,0,0,0,0,0,1.18,0,1.18,1.18,1.18,1.18,0,0,0,0,0,0,0,0,2.59,2.59,1.48,0,1.48,0,0,0,1.48,4.49,0,0,0,0,0,0,0,0,0,0,0,0,0,0,1.69,13.39,0,0.51,0.51,0.51,0,0.38,0.89,0,0,0,0.89,0,0,0,0,0,0,0,0,0,0,0,0,0,0,0,0,0,0,0,0,0,0,0,0,0,6.76,0,0,0,6.76,0,0,0,0,0,0,0,4.06,4.06,0,0,10.82,0,0,0,0,0,0,0,0,0,0,0,0,0,0,5.51,5.51,6.0,0,0,0,0,0,0,0,0,0,48.22,48.22,0,0,48.22,3.18,0,0,51.4,88.31,0,4.24,4.24,0,0,1.15,0,0,1.77,1.77,0,0,0,0,0,7.15,5.06,12.21,0,0,0,0,100.52,0,0,0,0,0,1.69,0,0,0,0,0,0,0,0,0,0,1.69,1.69,0,0,0,0,0,0,0,12.33,0,28.73,28.73,0,32.55,0,37.51,0,32.55,32.55,37.51,0,0,0,0,0,37.51,0,0,0,0,0.9,0,0,0,0,69.67,69.67,69.67,69.67,0,108.08,0,0,0,0,0,0,0,0,0,38.13,0,0,0,0,0,0,0,0,0,0,0,0,0,0,0,0,0,0,0,0,0,55.46,1.25,1.25,0.97,224.11,235.16,0,0,0,290.62,62.62,62.62,0,496.08,0,496.08,496.08,0,0,0,0,0,68.78,0,0,480.45,0,0,0,124.94,228.11,0,0,228.11,228.11,0,0,0,0,228.11,0,0,0,0,772.0,0,0,45.4,0,0,49.9,94.49,156.3,156.3,14.12,207.45,224.32,7.11,247.04,0,0,2.22,0,17.1,0,5.93,0,5.93,0,0,0,0,0,0,18.4,68.55,82.46,106.8,0,0,34.94,0,6.23,0,1347.76,0,401.05,1347.76,1788.39,1788.39,169.11,188.21,629.98,0,0,0,0,0,0,0,0,0,30.4,0,0,0,308.65,0,0,0,69.11,24.39,0,0,0,9.94,0,0,0,0,0,0,0,0,0,493.91,0,0,0,0,160.79,0,0,0
2022-08-31,0,0,0,22.18,22.18,22.18,0,0,0,0,0,0,0,0,0,0,0,0,0,3.38,3.38,0,0,0,0,0,0,0,0,0,0,0,0,0,0,0,0,0.88,0.88,0.88,0.88,0.88,0.88,0.88,0,0.88,0,0,0,0,0,0,0,0,0,0,0,1.22,0,1.22,1.22,1.22,1.22,0,0,0,0,0,0,0,0,2.6,2.6,1.47,0,1.47,0,0,0,1.47,4.45,0,0,0,0,0,0,0,0,0,0,0,0,0,0,1.82,13.29,0,0.48,0.48,0.48,0,0.56,1.04,0,0,0,1.04,0,0,0,0,0,0,0,0,0,0,0,0,0,0,0,0,0,0,0,0,0,0,0,0,0,6.68,0,0,0,6.68,0,0,0,0,0,0,0,4.04,4.04,0,0,10.72,0,0,0,0,0,0,0,0,0,0,0,0,0,0,5.58,5.58,7.04,0,0,0,0,0,0,0,0,0,48.4,48.4,0,0,48.4,3.13,0,0,51.53,82.69,0,4.25,4.25,0,0,1.19,0,0,1.93,1.93,0,0,0,0,0,7.37,1.58,8.95,0,0,0,0,91.64,0,0,0,0,0,1.75,0,0,0,0,0,0,0,0,0,0,1.75,1.75,0,0,0,0,0,0,0,12.3,0,28.61,28.61,0,32.42,0,37.34,0,32.42,32.42,37.34,0,0,0,0,0,37.34,0,0,0,0,1.02,0,0,0,0,70.01,70.01,70.01,70.01,0,108.37,0,0,0,0,0,0,0,0,0,38.05,0,0,0,0,0,0,0,0,0,0,0,0,0,0,0,0,0,0,0,0,0,55.5,1.27,1.27,0.97,225.87,236.91,0,0,0,292.41,64.04,64.04,0,543.7,0,543.7,543.7,0,0,0,0,0,70.93,0,0,489.22,0,0,0,157.2,233.2,0,0,233.2,233.2,0,0,0,0,233.2,0,0,0,0,825.71,0,0,45.46,0,0,49.93,94.98,156.76,156.76,14.15,214.57,231.47,7.12,249.22,0,0,2.22,0,17.22,0,5.75,0,5.75,0,0,0,0,0,0,18.51,68.26,82.09,106.36,0,0,34.71,0,6.21,0,1820.98,0,407.76,1820.98,2268.27,2268.27,167.44,186.36,643.36,0,0,0,0,0,0,0,0,0,33.53,0,0,0,323.53,0,0,0,72.28,25.67,0,0,0,9.88,0,0,0,0,0,0,0,0,0,562.49,0,0,0,0,155.0,0,0,0
2022-09-30,0,0,0,22.33,22.33,22.33,0,0,0,0,0,0,0,0,0,0,0,0,0,3.35,3.35,0,0,0,0,0,0,0,0,0,0,0,0,0,0,0,0,0.89,0.89,0.89,0.89,0.89,0.89,0.89,0,0.89,0,0,0,0,0,0,0,0,0,0,0,1.22,0,1.22,1.22,1.22,1.22,0,0,0,0,0,0,0,0,2.57,2.57,1.47,0,1.47,0,0,0,1.47,4.34,0,0,0,0,0,0,0,0,0,0,0,0,0,0,1.95,13.91,0,0.46,0.46,0.46,0,0.78,1.24,0,0,0,1.24,0,0,0,0,0,0,0,0,0,0,0,0,0,0,0,0,0,0,0,0,0,0,0,0,0,6.61,0,0,0,6.61,0,0,0,0,0,0,0,4.03,4.03,0,0,10.64,0,0,0,0,0,0,0,0,0,0,0,0,0,0,5.61,5.61,4.99,0,0,0,0,0,0,0,0,0,48.5,48.5,0,0,48.5,3.44,0,0,51.94,90.44,0,4.25,4.25,0,0,1.19,0,0,1.9,1.9,0,0,0,0,0,7.35,5.06,12.41,0,0,0,0,102.84,0,0,0,0,0,1.76,0,0,0,0,0,0,0,0,0,0,1.76,1.76,0,0,0,0,0,0,0,12.29,0,29.01,29.01,0,32.82,0,37.82,0,32.82,32.82,37.82,0,0,0,0,0,37.82,0,0,0,0,1.04,0,0,0,0,70.41,70.41,70.41,70.41,0,109.27,0,0,0,0,0,0,0,0,0,38.1,0,0,0,0,0,0,0,0,0,0,0,0,0,0,0,0,0,0,0,0,0,55.51,1.28,1.28,0.99,225.83,236.85,0,0,0,292.36,63.91,63.91,0,543.94,0,543.94,543.94,0,0,0,0,0,71.01,0,0,431.7,0,0,0,156.99,233.31,0,0,233.31,233.31,0,0,0,0,233.31,0,0,0,0,847.94,0,0,45.52,0,0,49.82,94.9,156.73,156.73,14.12,215.27,232.18,7.13,248.22,0,0,2.22,0,17.14,0,5.71,0,5.71,0,0,0,0,0,0,18.46,68.09,81.72,105.89,0,0,34.52,0,6.2,0,1881.21,0,407.56,1881.21,2327.98,2327.98,167.82,186.57,658.15,0,0,0,0,0,0,0,0,0,33.7,0,0,0,324.97,0,0,0,73.95,25.65,0,0,0,9.81,0,0,0,0,0,0,0,0,0,581.69,0,0,0,0,217.54,0,0,0
2022-10-31,0,0,0,21.34,21.34,21.34,0,0,0,0,0,0,0,0,0,0,0,0,0,3.2,3.2,0,0,0,0,0,0,0,0,0,0,0,0,0,0,0,0,0.84,0.84,0.84,0.84,0.84,0.84,0.84,0,0.84,0,0,0,0,0,0,0,0,0,0,0,1.17,0,1.17,1.17,1.17,1.17,0,0,0,0,0,0,0,0,2.54,2.54,1.53,0,1.53,0,0,0,1.53,4.26,0,0,0,0,0,0,0,0,0,0,0,0,0,0,2.12,14.33,0,0.44,0.44,0.44,0,0.99,1.43,0,0,0,1.43,0,0,0,0,0,0,0,0,0,0,0,0,0,0,0,0,0,0,0,0,0,0,0,0,0,6.58,0,0,0,6.58,0,0,0,0,0,0,0,3.84,3.84,0,0,10.42,0,0,0,0,0,0,0,0,0,0,0,0,0,0,5.63,5.63,4.18,0,0,0,0,0,0,0,0,0,48.53,48.53,0,0,48.53,3.36,0,0,51.89,91.36,0,4.25,4.25,0,0,1.19,0,0,1.87,1.87,0,0,0,0,0,7.31,5.04,12.35,0,0,0,0,103.71,0,0,0,0,0,1.75,0,0,0,0,0,0,0,0,0,0,1.75,1.75,0,0,0,0,0,0,0,12.34,0,29.04,29.04,0,32.85,0,37.71,0,32.85,32.85,37.71,0,0,0,0,0,37.71,0,0,0,0,1.03,0,0,0,0,70.8,70.8,70.8,70.8,0,109.54,0,0,0,0,0,0,0,0,0,38.04,0,0,0,0,0,0,0,0,0,0,0,0,0,0,0,0,0,0,0,0,0,55.43,1.25,1.25,0.98,226.06,237.09,0,0,0,292.52,63.01,63.01,0,542.73,0,542.73,542.73,0,0,0,0,0,71.06,0,0,493.22,0,0,0,157.21,233.66,0,0,233.66,233.66,0,0,0,0,233.66,0,0,0,0,848.5,0,0,45.44,0,0,49.59,94.48,156.05,156.05,14.11,215.66,232.51,7.07,248.9,0,0,2.21,0,17.19,0,5.78,0,5.78,0,0,0,0,0,0,18.48,68.02,81.84,106.1,0,0,34.55,0,6.2,0,1869.59,0,406.83,1869.59,2315.52,2315.52,167.05,185.76,669.12,0,0,0,0,0,0,0,0,0,33.78,0,0,0,325.58,0,0,0,73.45,25.59,0,0,0,9.92,0,0,0,0,0,0,0,0,0,579.84,0,0,0,0,192.15,0,0,0
2022-11-30,0,0,0,21.3,21.3,21.3,0,0,0,0,0,0,0,0,0,0,0,0,0,3.29,3.29,0,0,0,0,0,0,0,0,0,0,0,0,0,0,0,0,0.76,0.76,0.76,0.76,0.76,0.76,0.76,0,0.76,0,0,0,0,0,0,0,0,0,0,0,1.14,0,1.14,1.14,1.14,1.14,0,0,0,0,0,0,0,0,2.55,2.55,1.52,0,1.52,0,0,0,1.52,4.19,0,0,0,0,0,0,0,0,0,0,0,0,0,0,2.3,14.7,0,0.42,0.42,0.42,0,1.23,1.65,0,0,0,1.65,0,0,0,0,0,0,0,0,0,0,0,0,0,0,0,0,0,0,0,0,0,0,0,0,0,7.0,0,0,0,7.0,0,0,0,0,0,0,0,3.65,3.65,0,0,10.65,0,0,0,0,0,0,0,0,0,0,0,0,0,0,5.63,5.63,3.66,0,0,0,0,0,0,0,0,0,47.12,47.12,0,0,47.12,3.29,0,0,50.41,93.24,0,4.25,4.25,0,0,1.2,0,0,1.88,1.88,0,0,0,0,0,7.32,5.04,12.36,0,0,0,0,105.6,0,0,0,0,0,1.73,0,0,0,0,0,0,0,0,0,0,1.73,1.73,0,0,0,0,0,0,0,12.35,0,29.04,29.04,0,32.85,0,37.75,0,32.85,32.85,37.75,0,0,0,0,0,37.75,0,0,0,0,1.04,0,0,0,0,71.12,71.12,71.12,71.12,0,109.91,0,0,0,0,0,0,0,0,0,38.01,0,0,0,0,0,0,0,0,0,0,0,0,0,0,0,0,0,0,0,0,0,55.45,1.25,1.25,1.01,225.9,236.91,0,0,0,292.36,63.82,63.82,0,542.54,0,542.54,542.54,0,0,0,0,0,71.02,0,0,490.64,0,0,0,156.25,233.05,0,0,233.05,233.05,0,0,0,0,233.05,0,0,0,0,846.93,0,0,45.44,0,0,49.58,94.27,155.87,155.87,14.15,215.97,232.9,7.09,249.2,0,0,2.22,0,16.97,0,5.72,0,5.72,0,0,0,0,0,0,18.35,68.07,82.01,106.08,0,0,34.47,0,6.2,0,1867.87,0,407.33,1867.87,2314.31,2314.31,167.48,186.21,678.35,0,0,0,0,0,0,0,0,0,33.7,0,0,0,323.17,0,0,0,73.37,25.49,0,0,0,9.7,0,0,0,0,0,0,0,0,0,579.02,0,0,0,0,218.05,0,0,0
2022-12-31,0,0,0,22.14,22.14,22.14,0,0,0,0,0,0,0,0,0,0,0,0,0,2.99,2.99,0,0,0,0,0,0,0,0,0,0,0,0,0,0,0,0,0.71,0.71,0.71,0.71,0.71,0.71,0.71,0,0.71,0,0,0,0,0,0,0,0,0,0,0,1.09,0,1.09,1.09,1.09,1.09,0,0,0,0,0,0,0,0,2.54,2.54,1.52,0,1.52,0,0,0,1.52,4.07,0,0,0,0,0,0,0,0,0,0,0,0,0,0,2.34,14.67,0,0.41,0.41,0.41,0,1.24,1.65,0,0,0,1.65,0,0,0,0,0,0,0,0,0,0,0,0,0,0,0,0,0,0,0,0,0,0,0,0,0,7.33,0,0,0,7.33,0,0,0,0,0,0,0,3.42,3.42,0,0,10.74,0,0,0,0,0,0,0,0,0,0,0,0,0,0,5.63,5.63,3.46,0,0,0,0,0,0,0,0,0,47.46,47.46,0,0,47.46,3.19,0,0,50.65,93.23,0,4.23,4.23,0,0,1.18,0,0,1.86,1.86,0,0,0,0,0,7.27,5.05,12.32,0,0,0,0,105.55,0,0,0,0,0,1.73,0,0,0,0,0,0,0,0,0,0,1.73,1.73,0,0,0,0,0,0,0,12.25,0,28.91,28.91,0,32.72,0,37.57,0,32.72,32.72,37.57,0,0,0,0,0,37.57,0,0,0,0,1.02,0,0,0,0,69.9,69.9,69.9,69.9,0,108.48,0,0,0,0,0,0,0,0,0,37.97,0,0,0,0,0,0,0,0,0,0,0,0,0,0,0,0,0,0,0,0,0,55.33,1.25,1.25,0.98,225.46,236.48,0,0,0,291.81,63.61,63.61,0,541.47,0,541.47,541.47,0,0,0,0,0,70.8,0,0,493.06,0,0,0,156.53,232.77,0,0,232.77,232.77,0,0,0,0,232.77,0,0,0,0,858.83,0,0,45.41,0,0,49.47,94.13,155.6,155.6,14.04,216.45,233.22,7.12,247.73,0,0,2.23,0,17.11,0,5.81,0,5.81,0,0,0,0,0,0,18.04,67.99,81.65,105.51,0,0,34.44,0,6.19,0,1818.82,0,407.52,1818.82,2265.13,2265.13,164.73,183.57,191.25,0,0,0,0,0,0,0,0,0,33.72,0,0,0,321.91,0,0,0,73.09,25.48,0,0,0,9.7,0,0,0,0,0,0,0,0,0,446.98,0,0,0,0,194.47,0,0,0
2023-01-31,0,0,0,21.97,21.97,21.97,0,0,0,0,0,0,0,0,0,0,0,0,0,3.02,3.02,0,0,0,0,0,0,0,0,0,0,0,0,0,0,0,0,0.63,0.63,0.63,0.63,0.63,0.63,0.63,0,0.63,0,0,0,0,0,0,0,0,0,0,0,1.02,0,1.02,1.02,1.02,1.02,0,0,0,0,0,0,0,0,2.54,2.54,1.51,0,1.51,0,0,0,1.51,3.97,0,0,0,0,0,0,0,0,0,0,0,0,0,0,2.22,13.91,0,0.4,0.4,0.4,0,1.19,1.58,0,0,0,1.58,0,0,0,0,0,0,0,0,0,0,0,0,0,0,0,0,0,0,0,0,0,0,0,0,0,7.64,0,0,0,7.64,0,0,0,0,0,0,0,3.18,3.18,0,0,10.81,0,0,0,0,0,0,0,0,0,0,0,0,0,0,5.63,5.63,3.53,0,0,0,0,0,0,0,0,0,47.08,47.08,0,0,47.08,3.01,0,0,50.09,89.65,0,4.08,4.08,0,0,1.17,0,0,1.72,1.72,0,0,0,0,0,6.97,5.05,12.02,0,0,0,0,101.67,0,0,0,0,0,1.66,0,0,0,0,0,0,0,0,0,0,1.66,1.66,0,0,0,0,0,0,0,12.08,0,28.65,28.65,0,32.43,0,37.25,0,32.43,32.43,37.25,0,0,0,0,0,37.25,0,0,0,0,1.0,0,0,0,0,68.67,68.67,68.67,68.67,0,106.92,0,0,0,0,0,0,0,0,0,38.01,0,0,0,0,0,0,0,0,0,0,0,0,0,0,0,0,0,0,0,0,0,55.46,1.25,1.25,0.98,225.08,236.1,0,0,0,291.56,63.48,63.48,0,540.46,0,540.46,540.46,0,0,0,0,0,70.48,0,0,492.7,0,0,0,156.19,232.64,0,0,232.64,232.64,0,0,0,0,232.64,0,0,0,0,849.49,0,0,44.93,0,0,49.33,94.06,155.27,155.27,14.02,215.6,232.42,7.08,248.41,0,0,2.22,0,16.62,0,5.68,0,5.68,0,0,0,0,0,0,17.99,67.4,80.7,104.37,0,0,34.47,0,6.2,0,1886.18,0,407.12,1886.18,2332.45,2332.45,167.78,186.65,194.27,0,0,0,0,0,0,0,0,0,33.73,0,0,0,326.57,0,0,0,72.81,24.93,0,0,0,9.79,0,0,0,0,0,0,0,0,0,577.15,0,0,0,0,165.53,0,0,0
2023-02-28,0,0,0,22.14,22.14,22.14,0,0,0,0,0,0,0,0,0,0,0,0,0,3.04,3.04,0,0,0,0,0,0,0,0,0,0,0,0,0,0,0,0,0.65,0.65,0.65,0.65,0.65,0.65,0.65,0,0.65,0,0,0,0,0,0,0,0,0,0,0,0.89,0,0.89,0.89,0.89,0.89,0,0,0,0,0,0,0,0,2.52,2.52,1.45,0,1.45,0,0,0,1.45,3.8,0,0,0,0,0,0,0,0,0,0,0,0,0,0,2.03,12.93,0,0.39,0.39,0.39,0,1.12,1.51,0,0,0,1.51,0,0,0,0,0,0,0,0,0,0,0,0,0,0,0,0,0,0,0,0,0,0,0,0,0,7.69,0,0,0,7.69,0,0,0,0,0,0,0,2.95,2.95,0,0,10.64,0,0,0,0,0,0,0,0,0,0,0,0,0,0,5.63,5.63,3.7,0,0,0,0,0,0,0,0,0,47.01,47.01,0,0,47.01,2.9,0,0,49.91,86.22,0,3.02,3.02,0,0,1.12,0,0,1.25,1.25,0,0,0,0,0,5.38,5.05,10.43,0,0,0,0,96.65,0,0,0,0,0,1.43,0,0,0,0,0,0,0,0,0,0,1.43,1.43,0,0,0,0,0,0,0,12.01,0,28.56,28.56,0,32.37,0,37.25,0,32.37,32.37,37.25,0,0,0,0,0,37.25,0,0,0,0,0.98,0,0,0,0,66.38,66.38,66.38,66.38,0,104.6,0,0,0,0,0,0,0,0,0,37.9,0,0,0,0,0,0,0,0,0,0,0,0,0,0,0,0,0,0,0,0,0,55.27,1.25,1.25,0.98,224.96,235.94,0,0,0,291.21,63.29,63.29,0,540.55,0,540.55,540.55,0,0,0,0,0,70.42,0,0,492.62,0,0,0,156.05,232.98,0,0,232.98,232.98,0,0,0,0,232.98,0,0,0,0,857.67,0,0,44.79,0,0,49.34,94.04,155.25,155.25,13.99,215.14,231.79,6.98,247.43,0,0,2.21,0,16.44,0,5.64,0,5.64,0,0,0,0,0,0,18.12,67.08,80.67,104.43,0,0,34.49,0,6.2,0,1858.35,0,406.51,1858.35,2304.12,2304.12,167.44,186.28,193.59,0,0,0,0,0,0,0,0,0,25.63,0,0,0,305.77,0,0,0,69.75,25.46,0,0,0,9.52,0,0,0,0,0,0,0,0,0,565.26,0,0,0,0,214.11,0,0,0
2023-03-31,0,0,0,21.88,21.88,21.88,0,0,0,0,0,0,0,0,0,0,0,0,0,2.99,2.99,0,0,0,0,0,0,0,0,0,0,0,0,0,0,0,0,0.74,0.74,0.74,0.74,0.74,0.74,0.74,0,0.74,0,0,0,0,0,0,0,0,0,0,0,0.84,0,0.84,0.84,0.84,0.84,0,0,0,0,0,0,0,0,2.52,2.52,1.41,0,1.41,0,0,0,1.41,3.61,0,0,0,0,0,0,0,0,0,0,0,0,0,0,1.84,11.63,0,0.45,0.45,0.45,0,0.97,1.43,0,0,0,1.43,0,0,0,0,0,0,0,0,0,0,0,0,0,0,0,0,0,0,0,0,0,0,0,0,0,7.69,0,0,0,7.69,0,0,0,0,0,0,0,2.72,2.72,0,0,10.41,0,0,0,0,0,0,0,0,0,0,0,0,0,0,5.62,5.62,3.99,0,0,0,0,0,0,0,0,0,46.54,46.54,0,0,46.54,2.93,0,0,49.47,81.33,0,1.51,1.51,0,0,0.84,0,0,0.36,0.36,0,0,0,0,0,2.71,5.05,7.76,0,0,0,0,89.09,0,0,0,0,0,1.11,0,0,0,0,0,0,0,0,0,0,1.11,1.11,0,0,0,0,0,0,0,11.98,0,28.33,28.33,0,32.12,0,36.99,0,32.12,32.12,36.99,0,0,0,0,0,36.99,0,0,0,0,0.96,0,0,0,0,63.7,63.7,63.7,63.7,0,101.65,0,0,0,0,0,0,0,0,0,37.87,0,0,0,0,0,0,0,0,0,0,0,0,0,0,0,0,0,0,0,0,0,55.31,1.26,1.26,0.97,224.73,235.7,0,0,0,291.02,63.78,63.78,0,540.64,0,540.64,540.64,0,0,0,0,0,70.6,0,0,493.1,0,0,0,156.21,233.11,0,0,233.11,233.11,0,0,0,0,233.11,0,0,0,0,856.46,0,0,44.76,0,0,49.73,94.53,156.14,156.14,14.1,212.63,229.47,7.0,248.19,0,0,2.21,0,16.77,0,5.63,0,5.63,0,0,0,0,0,0,18.06,67.08,80.88,104.56,0,0,34.7,0,6.23,0,1804.46,0,409.11,1804.46,2252.84,2252.84,168.79,187.84,195.52,0,0,0,0,0,0,0,0,0,33.71,0,0,0,326.35,0,0,0,72.07,24.75,0,0,0,9.5,0,0,0,0,0,0,0,0,0,566.65,0,0,0,0,198.58,0,0,0
2023-04-30,0,0,0,22.2,22.2,22.2,0,0,0,0,0,0,0,0,0,0,0,0,0,3.34,3.34,0,0,0,0,0,0,0,0,0,0,0,0,0,0,0,0,0.75,0.75,0.75,0.75,0.75,0.75,0.75,0,0.75,0,0,0,0,0,0,0,0,0,0,0,0.95,0,0.95,0.95,0.95,0.95,0,0,0,0,0,0,0,0,2.54,2.54,1.39,0,1.39,0,0,0,1.39,3.54,0,0,0,0,0,0,0,0,0,0,0,0,0,0,1.79,10.84,0,0.51,0.51,0.51,0,0.89,1.39,0,0,0,1.39,0,0,0,0,0,0,0,0,0,0,0,0,0,0,0,0,0,0,0,0,0,0,0,0,0,7.6,0,0,0,7.6,0,0,0,0,0,0,0,2.5,2.5,0,0,10.1,0,0,0,0,0,0,0,0,0,0,0,0,0,0,5.62,5.62,4.39,0,0,0,0,0,0,0,0,0,46.51,46.51,0,0,46.51,2.9,0,0,49.41,79.89,0,1.01,1.01,0,0,0.71,0,0,0.38,0.38,0,0,0,0,0,2.1,5.05,7.16,0,0,0,0,87.04,0,0,0,0,0,0.79,0,0,0,0,0,0,0,0,0,0,0.79,0.79,0,0,0,0,0,0,0,12.08,0,28.36,28.36,0,32.18,0,37.05,0,32.18,32.18,37.05,0,0,0,0,0,37.05,0,0,0,0,0.95,0,0,0,0,63.68,63.68,63.68,63.68,0,101.68,0,0,0,0,0,0,0,0,0,37.87,0,0,0,0,0,0,0,0,0,0,0,0,0,0,0,0,0,0,0,0,0,55.33,1.26,1.26,0.97,225.4,236.38,0,0,0,291.71,63.42,63.42,0,532.18,0,532.18,532.18,0,0,0,0,0,70.31,0,0,490.95,0,0,0,156.01,233.12,0,0,233.12,233.12,0,0,0,0,233.12,0,0,0,0,857.28,0,0,44.63,0,0,49.43,94.68,156.09,156.09,14.21,211.67,228.61,7.03,245.72,0,0,2.25,0,16.57,0,5.64,0,5.64,0,0,0,0,0,0,18.16,66.16,77.98,101.78,0,0,34.72,0,6.23,0,1862.54,0,407.94,1862.54,2309.94,2309.94,168.43,187.81,195.44,0,0,0,0,0,0,0,0,0,33.7,0,0,0,320.03,0,0,0,71.54,25.38,0,0,0,9.85,0,0,0,0,0,0,0,0,0,571.09,0,0,0,0,212.88,0,0,0
2023-05-31,0,0,0,22.22,22.22,22.22,0,0,0,0,0,0,0,0,0,0,0,0,0,3.31,3.31,0,0,0,0,0,0,0,0,0,0,0,0,0,0,0,0,0.81,0.81,0.81,0.81,0.81,0.81,0.81,0,0.81,0,0,0,0,0,0,0,0,0,0,0,1.11,0,1.11,1.11,1.11,1.11,0,0,0,0,0,0,0,0,2.57,2.57,1.4,0,1.4,0,0,0,1.4,3.6,0,0,0,0,0,0,0,0,0,0,0,0,0,0,1.77,12.21,0,0.44,0.44,0.44,0,0.81,1.24,0,0,0,1.24,0,0,0,0,0,0,0,0,0,0,0,0,0,0,0,0,0,0,0,0,0,0,0,0,0,7.51,0,0,0,7.51,0,0,0,0,0,0,0,2.31,2.31,0,0,9.82,0,0,0,0,0,0,0,0,0,0,0,0,0,0,5.46,5.46,4.91,0,0,0,0,0,0,0,0,0,48.17,48.17,0,0,48.17,3.39,0,0,51.56,79.62,0,0.93,0.93,0,0,0.69,0,0,0.83,0.83,0,0,0,0,0,2.45,4.58,7.03,0,0,0,0,86.65,0,0,0,0,0,0.64,0,0,0,0,0,0,0,0,0,0,0.64,0.64,0,0,0,0,0,0,0,12.16,0,26.83,26.83,0,30.64,0,35.66,0,30.64,30.64,35.66,0,0,0,0,0,35.66,0,0,0,0,0.96,0,0,0,0,65.01,65.01,65.01,65.01,0,101.63,0,0,0,0,0,0,0,0,0,38.19,0,0,0,0,0,0,0,0,0,0,0,0,0,0,0,0,0,0,0,0,0,55.38,1.26,1.26,0.97,225.42,236.42,0,0,0,291.8,63.75,63.75,0,468.18,0,468.18,468.18,0,0,0,0,0,64.55,0,0,484.72,0,0,0,158.04,233.21,0,0,233.21,233.21,0,0,0,0,233.21,0,0,0,0,458.8,0,0,44.28,0,0,49.7,94.7,154.79,154.79,14.04,206.13,222.91,7.07,247.81,0,0,2.24,0,16.83,0,5.87,0,5.87,0,0,0,0,0,0,17.78,67.83,80.79,104.44,0,0,34.72,0,6.24,0,1663.6,0,404.46,1663.6,2107.44,2107.44,166.53,186.13,193.38,0,0,0,0,0,0,0,0,0,33.52,0,0,0,320.83,0,0,0,73.21,25.68,0,0,0,9.96,0,0,0,0,0,0,0,0,0,580.97,0,0,0,0,220.25,0,0,0
2023-06-30,0,0,0,22.15,22.15,22.15,0,0,0,0,0,0,0,0,0,0,0,0,0,3.16,3.16,0,0,0,0,0,0,0,0,0,0,0,0,0,0,0,0,0.83,0.83,0.83,0.83,0.83,0.83,0.83,0,0.83,0,0,0,0,0,0,0,0,0,0,0,1.15,0,1.15,1.15,1.15,1.15,0,0,0,0,0,0,0,0,2.67,2.67,1.4,0,1.4,0,0,0,1.4,3.63,0,0,0,0,0,0,0,0,0,0,0,0,0,0,1.75,10.38,0,0.45,0.45,0.45,0,0.75,1.2,0,0,0,1.2,0,0,0,0,0,0,0,0,0,0,0,0,0,0,0,0,0,0,0,0,0,0,0,0,0,7.54,0,0,0,7.54,0,0,0,0,0,0,0,2.16,2.16,0,0,9.7,0,0,0,0,0,0,0,0,0,0,0,0,0,0,5.14,5.14,5.5,0,0,0,0,0,0,0,0,0,49.19,49.19,0,0,49.19,3.52,0,0,52.71,81.88,0,3.97,3.97,0,0,0.81,0,0,1.55,1.55,0,0,0,0,0,6.33,3.75,10.08,0,0,0,0,91.96,0,0,0,0,0,1.27,0,0,0,0,0,0,0,0,0,0,1.27,1.27,0,0,0,0,0,0,0,12.36,0,28.52,28.52,0,32.34,0,37.29,0,32.34,32.34,37.29,0,0,0,0,0,37.29,0,0,0,0,0.94,0,0,0,0,76.04,76.04,76.04,76.04,0,114.27,0,0,0,0,0,0,0,0,0,37.8,0,0,0,0,0,0,0,0,0,0,0,0,0,0,0,0,0,0,0,0,0,55.43,1.29,1.29,0.97,225.68,236.66,0,0,0,292.1,63.97,63.97,0,535.26,0,535.26,535.26,0,0,0,0,0,70.86,0,0,490.65,0,0,0,157.32,233.27,0,0,233.27,233.27,0,0,0,0,233.27,0,0,0,0,836.32,0,0,44.82,0,0,49.58,94.66,156.22,156.22,13.79,201.61,218.13,7.1,249.27,0,0,2.22,0,17.07,0,5.89,0,5.89,0,0,0,0,0,0,18.49,69.03,83.05,107.42,0,0,34.96,0,6.23,0,736.15,0,408.64,736.15,1180.66,1180.66,168.03,187.44,195.14,0,0,0,0,0,0,0,0,0,33.36,0,0,0,321.67,0,0,0,71.91,24.95,0,0,0,9.95,0,0,0,0,0,0,0,0,0,580.3,0,0,0,0,217.19,0,0,0
2023-07-31,0,0,0,22.09,22.09,22.09,0,0,0,0,0,0,0,0,0,0,0,0,0,3.09,3.09,0,0,0,0,0,0,0,0,0,0,0,0,0,0,0,0,0.87,0.87,0.87,0.87,0.87,0.87,0.87,0,0.87,0,0,0,0,0,0,0,0,0,0,0,1.17,0,1.17,1.17,1.17,1.17,0,0,0,0,0,0,0,0,2.7,2.7,1.44,0,1.44,0,0,0,1.44,3.77,0,0,0,0,0,0,0,0,0,0,0,0,0,0,1.74,11.07,0,0.48,0.48,0.48,0,0.77,1.26,0,0,0,1.26,0,0,0,0,0,0,0,0,0,0,0,0,0,0,0,0,0,0,0,0,0,0,0,0,0,7.58,0,0,0,7.58,0,0,0,0,0,0,0,2.06,2.06,0,0,9.64,0,0,0,0,0,0,0,0,0,0,0,0,0,0,4.8,4.8,6.21,0,0,0,0,0,0,0,0,0,49.4,49.4,0,0,49.4,3.6,0,0,53.01,90.65,0,4.19,4.19,0,0,1.2,0,0,1.89,1.89,0,0,0,0,0,7.28,3.28,10.55,0,0,0,0,101.2,0,0,0,0,0,1.59,0,0,0,0,0,0,0,0,0,0,1.59,1.59,0,0,0,0,0,0,0,12.12,0,28.81,28.81,0,32.64,0,37.53,0,32.64,32.64,37.53,0,0,0,0,0,37.53,0,0,0,0,0.93,0,0,0,0,73.34,73.34,73.34,73.34,0,111.8,0,0,0,0,0,0,0,0,0,37.69,0,0,0,0,0,0,0,0,0,0,0,0,0,0,0,0,0,0,0,0,0,55.57,1.27,1.27,0.96,110.68,121.73,0,0,0,177.3,59.36,59.36,0,455.22,0,455.22,455.22,0,0,0,0,0,70.75,0,0,490.56,0,0,0,136.79,227.03,0,0,227.03,227.03,0,0,0,0,227.03,0,0,0,0,802.44,0,0,44.93,0,0,45.79,94.0,151.81,151.81,13.57,207.95,224.3,7.09,248.95,0,0,2.21,0,16.98,0,5.88,0,5.88,0,0,0,0,0,0,18.35,67.59,81.66,105.89,0,0,34.84,0,6.22,0,953.39,0,410.36,953.39,1398.39,1398.39,158.68,177.81,185.54,0,0,0,0,0,0,0,0,0,33.8,0,0,0,326.68,0,0,0,73.21,25.7,0,0,0,9.9,0,0,0,0,0,0,0,0,0,578.11,0,0,0,0,213.8,0,0,0
2023-08-31,0,0,0,22.09,22.09,22.09,0,0,0,0,0,0,0,0,0,0,0,0,0,3.06,3.06,0,0,0,0,0,0,0,0,0,0,0,0,0,0,0,0,0.89,0.89,0.89,0.89,0.89,0.89,0.89,0,0.89,0,0,0,0,0,0,0,0,0,0,0,1.17,0,1.17,1.17,1.17,1.17,0,0,0,0,0,0,0,0,2.68,2.68,1.44,0,1.44,0,0,0,1.44,3.65,0,0,0,0,0,0,0,0,0,0,0,0,0,0,1.68,10.48,0,0.51,0.51,0.51,0,0.86,1.37,0,0,0,1.37,0,0,0,0,0,0,0,0,0,0,0,0,0,0,0,0,0,0,0,0,0,0,0,0,0,7.62,0,0,0,7.62,0,0,0,0,0,0,0,0.29,0.29,0,0,7.91,0,0,0,0,0,0,0,0,0,0,0,0,0,0,4.65,4.65,7.79,0,0,0,0,0,0,0,0,0,49.55,49.55,0,0,49.55,3.66,0,0,53.21,98.5,0,4.25,4.25,0,0,1.2,0,0,1.92,1.92,0,0,0,0,0,7.37,5.07,12.44,0,0,0,0,110.94,0,0,0,0,0,1.74,0,0,0,0,0,0,0,0,0,0,1.74,1.74,0,0,0,0,0,0,0,12.37,0,29.04,29.04,0,32.87,0,37.78,0,32.87,32.87,37.78,0,0,0,0,0,37.78,0,0,0,0,0.96,0,0,0,0,70.64,70.64,70.64,70.64,0,109.38,0,0,0,0,0,0,0,0,0,38.07,0,0,0,0,0,0,0,0,0,0,0,0,0,0,0,0,0,0,0,0,0,55.68,1.25,1.25,0.97,226.47,237.59,0,0,0,293.26,64.0,64.0,0,526.13,0,526.13,526.13,0,0,0,0,0,71.08,0,0,490.96,0,0,0,157.31,233.31,0,0,233.31,233.31,0,0,0,0,233.31,0,0,0,0,830.81,0,0,45.22,0,0,50.06,92.37,154.44,154.44,13.36,206.44,222.61,7.06,248.6,0,0,2.21,0,16.88,0,5.88,0,5.88,0,0,0,0,0,0,18.59,65.99,79.92,104.38,0,0,34.73,0,6.2,0,1527.6,0,393.17,1527.6,1956.4,1956.4,155.69,174.59,182.25,0,0,0,0,0,0,0,0,0,33.48,0,0,0,324.94,0,0,0,73.53,25.63,0,0,0,9.85,0,0,0,0,0,0,0,0,0,537.56,0,0,0,0,215.45,0,0,0
2023-09-30,0,0,0,22.1,22.1,22.1,0,0,0,0,0,0,0,0,0,0,0,0,0,3.02,3.02,0,0,0,0,0,0,0,0,0,0,0,0,0,0,0,0,0.88,0.88,0.88,0.88,0.88,0.88,0.88,0,0.88,0,0,0,0,0,0,0,0,0,0,0,1.16,0,1.16,1.16,1.16,1.16,0,0,0,0,0,0,0,0,2.7,2.7,1.47,0,1.47,0,0,0,1.47,3.45,0,0,0,0,0,0,0,0,0,0,0,0,0,0,1.6,10.27,0,0.53,0.53,0.53,0,1.0,1.53,0,0,0,1.53,0,0,0,0,0,0,0,0,0,0,0,0,0,0,0,0,0,0,0,0,0,0,0,0,0,7.67,0,0,0,7.67,0,0,0,0,0,0,0,0.75,0.75,0,0,8.42,0,0,0,0,0,0,0,0,0,0,0,0,0,0,4.89,4.89,6.95,0,0,0,0,0,0,0,0,0,49.65,49.65,0,0,49.65,3.68,0,0,53.33,98.74,0,4.25,4.25,0,0,1.2,0,0,1.89,1.89,0,0,0,0,0,7.35,5.05,12.39,0,0,0,0,111.14,0,0,0,0,0,1.74,0,0,0,0,0,0,0,0,0,0,1.74,1.74,0,0,0,0,0,0,0,12.37,0,28.95,28.95,0,32.75,0,37.61,0,32.75,32.75,37.61,0,0,0,0,0,37.61,0,0,0,0,0.98,0,0,0,0,72.9,72.9,72.9,72.9,0,111.49,0,0,0,0,0,0,0,0,0,38.13,0,0,0,0,0,0,0,0,0,0,0,0,0,0,0,0,0,0,0,0,0,55.62,1.25,1.25,0.97,226.79,237.86,0,0,0,293.48,63.92,63.92,0,543.41,0,543.41,543.41,0,0,0,0,0,71.08,0,0,495.72,0,0,0,157.24,233.34,0,0,233.34,233.34,0,0,0,0,233.34,0,0,0,0,856.94,0,0,45.55,0,0,49.91,83.58,145.49,145.49,13.27,206.93,222.97,7.03,248.78,0,0,2.2,0,16.8,0,5.65,0,5.65,0,0,0,0,0,0,18.39,67.71,81.46,105.5,0,0,34.62,0,6.19,0,1876.13,0,407.3,1876.13,2318.96,2318.96,165.23,183.96,191.6,0,0,0,0,0,0,0,0,0,33.65,0,0,0,325.42,0,0,0,73.68,25.49,0,0,0,9.8,0,0,0,0,0,0,0,0,0,560.05,0,0,0,0,217.01,0,0,0
2023-10-31,0,0,0,22.19,22.19,22.19,0,0,0,0,0,0,0,0,0,0,0,0,0,2.98,2.98,0,0,0,0,0,0,0,0,0,0,0,0,0,0,0,0,0.86,0.86,0.86,0.86,0.86,0.86,0.86,0,0.86,0,0,0,0,0,0,0,0,0,0,0,1.07,0,1.07,1.07,1.07,1.07,0,0,0,0,0,0,0,0,2.89,2.89,1.47,0,1.47,0,0,0,1.47,3.69,0,0,0,0,0,0,0,0,0,0,0,0,0,0,1.45,9.99,0,0.5,0.5,0.5,0,1.14,1.64,0,0,0,1.64,0,0,0,0,0,0,0,0,0,0,0,0,0,0,0,0,0,0,0,0,0,0,0,0,0,7.75,0,0,0,7.75,0,0,0,0,0,0,0,1.73,1.73,0,0,9.48,0,0,0,0,0,0,0,0,0,0,0,0,0,0,5.31,5.31,8.05,0,0,0,0,0,0,0,0,0,49.71,49.71,0,0,49.71,3.65,0,0,53.36,98.88,0,4.26,4.26,0,0,1.2,0,0,1.89,1.89,0,0,0,0,0,7.35,5.04,12.39,0,0,0,0,111.27,0,0,0,0,0,1.75,0,0,0,0,0,0,0,0,0,0,1.75,1.75,0,0,0,0,0,0,0,12.36,0,29.06,29.06,0,32.86,0,37.67,0,32.86,32.86,37.67,0,0,0,0,0,37.67,0,0,0,0,0.97,0,0,0,0,76.17,76.17,76.17,76.17,0,114.81,0,0,0,0,0,0,0,0,0,37.43,0,0,0,0,0,0,0,0,0,0,0,0,0,0,0,0,0,0,0,0,0,55.41,1.23,1.23,0.96,226.51,237.54,0,0,0,292.95,63.71,63.71,0,539.24,0,539.24,539.24,0,0,0,0,0,70.58,0,0,483.18,0,0,0,156.6,233.11,0,0,233.11,233.11,0,0,0,0,233.11,0,0,0,0,853.75,0,0,45.4,0,0,49.51,94.21,155.66,155.66,14.09,216.29,233.11,7.01,248.43,0,0,2.19,0,16.7,0,5.6,0,5.6,0,0,0,0,0,0,18.33,67.46,81.09,105.03,0,0,34.42,0,6.19,0,1868.59,0,406.64,1868.59,2310.56,2310.56,165.39,183.68,191.25,0,0,0,0,0,0,0,0,0,33.64,0,0,0,321.17,0,0,0,72.81,25.3,0,0,0,9.79,0,0,0,0,0,0,0,0,0,561.99,0,0,0,0,208.02,0,0,0
2023-11-30,0,0,0,21.16,21.16,21.16,0,0,0,0,0,0,0,0,0,0,0,0,0,2.96,2.96,0,0,0,0,0,0,0,0,0,0,0,0,0,0,0,0,0.9,0.9,0.9,0.9,0.9,0.9,0.9,0,0.9,0,0,0,0,0,0,0,0,0,0,0,0.89,0,0.89,0.89,0.89,0.89,0,0,0,0,0,0,0,0,2.61,2.61,1.43,0,1.43,0,0,0,1.43,3.24,0,0,0,0,0,0,0,0,0,0,0,0,0,0,1.38,9.43,0,0.43,0.43,0.43,0,1.34,1.77,0,0,0,1.77,0,0,0,0,0,0,0,0,0,0,0,0,0,0,0,0,0,0,0,0,0,0,0,0,0,7.84,0,0,0,7.84,0,0,0,0,0,0,0,2.48,2.48,0,0,10.32,0,0,0,0,0,0,0,0,0,0,0,0,0,0,5.63,5.63,6.89,0,0,0,0,0,0,0,0,0,49.73,49.73,0,0,49.73,3.66,0,0,53.39,98.8,0,4.26,4.26,0,0,1.2,0,0,1.88,1.88,0,0,0,0,0,7.33,5.06,12.39,0,0,0,0,111.19,0,0,0,0,0,1.75,0,0,0,0,0,0,0,0,0,0,1.75,1.75,0,0,0,0,0,0,0,12.31,0,29.0,29.0,0,32.79,0,37.6,0,32.79,32.79,37.6,0,0,0,0,0,37.6,0,0,0,0,0.97,0,0,0,0,77.51,77.51,77.51,77.51,0,116.08,0,0,0,0,0,0,0,0,0,38.03,0,0,0,0,0,0,0,0,0,0,0,0,0,0,0,0,0,0,0,0,0,55.48,1.24,1.24,0.97,226.7,237.75,0,0,0,293.23,63.67,63.67,0,542.44,0,542.44,542.44,0,0,0,0,0,71.07,0,0,493.92,0,0,0,156.35,232.86,0,0,232.86,232.86,0,0,0,0,232.86,0,0,0,0,849.47,0,0,45.5,0,0,48.44,88.63,149.06,149.06,14.0,204.0,220.73,7.08,248.3,0,0,2.22,0,17.08,0,5.69,0,5.69,0,0,0,0,0,0,18.35,67.36,81.07,105.11,0,0,34.3,0,6.19,0,1826.78,0,406.41,1826.78,2268.48,2268.48,166.78,185.47,192.83,0,0,0,0,0,0,0,0,0,33.65,0,0,0,320.85,0,0,0,72.91,25.58,0,0,0,9.88,0,0,0,0,0,0,0,0,0,548.52,0,0,0,0,188.79,0,0,0
2023-12-31,0,0,0,21.38,21.38,21.38,0,0,0,0,0,0,0,0,0,0,0,0,0,2.83,2.83,0,0,0,0,0,0,0,0,0,0,0,0,0,0,0,0,0.8,0.8,0.8,0.8,0.8,0.8,0.8,0,0.8,0,0,0,0,0,0,0,0,0,0,0,0.82,0,0.82,0.82,0.82,0.82,0,0,0,0,0,0,0,0,2.58,2.58,1.37,0,1.37,0,0,0,1.37,3.05,0,0,0,0,0,0,0,0,0,0,0,0,0,0,1.08,8.5,0,0.32,0.32,0.32,0,1.46,1.78,0,0,0,1.78,0,0,0,0,0,0,0,0,0,0,0,0,0,0,0,0,0,0,0,0,0,0,0,0,0,8.06,0,0,0,8.06,0,0,0,0,0,0,0,2.86,2.86,0,0,10.91,0,0,0,0,0,0,0,0,0,0,0,0,0,0,5.63,5.63,7.26,0,0,0,0,0,0,0,0,0,49.37,49.37,0,0,49.37,3.67,0,0,53.05,98.55,0,4.25,4.25,0,0,1.19,0,0,1.88,1.88,0,0,0,0,0,7.32,5.06,12.38,0,0,0,0,110.93,0,0,0,0,0,1.74,0,0,0,0,0,0,0,0,0,0,1.74,1.74,0,0,0,0,0,0,0,12.31,0,29.0,29.0,0,32.79,0,37.62,0,32.79,32.79,37.62,0,0,0,0,0,37.62,0,0,0,0,0.95,0,0,0,0,78.94,78.94,78.94,78.94,0,117.51,0,0,0,0,0,0,0,0,0,37.99,0,0,0,0,0,0,0,0,0,0,0,0,0,0,0,0,0,0,0,0,0,55.37,1.25,1.25,0.99,226.52,237.56,0,0,0,292.93,63.68,63.68,0,542.87,0,542.87,542.87,0,0,0,0,0,71.0,0,0,494.24,0,0,0,156.43,232.65,0,0,232.65,232.65,0,0,0,0,232.65,0,0,0,0,855.01,0,0,45.42,0,0,49.54,94.4,155.91,155.91,14.06,216.32,233.11,7.13,248.78,0,0,2.21,0,16.97,0,5.69,0,5.69,0,0,0,0,0,0,18.21,67.93,81.58,105.48,0,0,34.38,0,6.21,0,1873.02,0,407.08,1873.02,2315.38,2315.38,168.46,187.2,194.84,0,0,0,0,0,0,0,0,0,33.73,0,0,0,322.74,0,0,0,73.76,25.41,0,0,0,9.56,0,0,0,0,0,0,0,0,0,554.87,0,0,0,0,213.73,0,0,0
2024-01-31,0,0,0,21.07,21.07,21.07,0,0,0,0,0,0,0,0,0,0,0,0,0,2.77,2.77,0,0,0,0,0,0,0,0,0,0,0,0,0,0,0,0,0.59,0.59,0.59,0.59,0.59,0.59,0.59,0,0.59,0,0,0,0,0,0,0,0,0,0,0,0.79,0,0.79,0.79,0.79,0.79,0,0,0,0,0,0,0,0,2.53,2.53,1.31,0,1.31,0,0,0,1.31,2.8,0,0,0,0,0,0,0,0,0,0,0,0,0,0,0.91,7.38,0,0.19,0.19,0.19,0,1.44,1.64,0,0,0,1.64,0,0,0,0,0,0,0,0,0,0,0,0,0,0,0,0,0,0,0,0,0,0,0,0,0,8.24,0,0,0,8.24,0,0,0,0,0,0,0,3.1,3.1,0,0,11.34,0,0,0,0,0,0,0,0,0,0,0,0,0,0,5.63,5.63,6.71,0,0,0,0,0,0,0,0,0,49.71,49.71,0,0,49.71,3.52,0,0,53.23,98.61,0,4.23,4.23,0,0,1.19,0,0,1.86,1.86,0,0,0,0,0,7.28,5.05,12.33,0,0,0,0,110.94,0,0,0,0,0,1.74,0,0,0,0,0,0,0,0,0,0,1.74,1.74,0,0,0,0,0,0,0,12.17,0,28.83,28.83,0,32.62,0,37.44,0,32.62,32.62,37.44,0,0,0,0,0,37.44,0,0,0,0,0.93,0,0,0,0,78.03,78.03,78.03,78.03,0,116.4,0,0,0,0,0,0,0,0,0,37.95,0,0,0,0,0,0,0,0,0,0,0,0,0,0,0,0,0,0,0,0,0,55.27,1.25,1.25,0.98,226.15,237.16,0,0,0,292.43,63.43,63.43,0,541.53,0,541.53,541.53,0,0,0,0,0,70.66,0,0,492.58,0,0,0,156.03,232.74,0,0,232.74,232.74,0,0,0,0,232.74,0,0,0,0,851.21,0,0,45.32,0,0,49.37,94.11,155.45,155.45,14.05,216.01,232.79,7.06,248.61,0,0,2.21,0,17.13,0,5.7,0,5.7,0,0,0,0,0,0,18.14,67.63,80.23,104.07,0,0,34.44,0,6.2,0,1871.5,0,406.63,1871.5,2313.39,2313.39,165.84,184.63,191.68,0,0,0,0,0,0,0,0,0,33.33,0,0,0,316.58,0,0,0,73.31,25.4,0,0,0,9.56,0,0,0,0,0,0,0,0,0,575.6,0,0,0,0,151.24,0,0,0
2024-02-29,0,0,0,21.5,21.5,21.5,0,0,0,0,0,0,0,0,0,0,0,0,0,3.05,3.05,0,0,0,0,0,0,0,0,0,0,0,0,0,0,0,0,0.83,0.83,0.83,0.83,0.83,0.83,0.83,0,0.83,0,0,0,0,0,0,0,0,0,0,0,1.01,0,1.01,1.01,1.01,1.01,0,0,0,0,0,0,0,0,2.56,2.56,1.24,0,1.24,0,0,0,1.24,2.65,0,0,0,0,0,0,0,0,0,0,0,0,0,0,0.63,6.32,0,0.19,0.19,0.19,0,1.33,1.52,0,0,0,1.52,0,0,0,0,0,0,0,0,0,0,0,0,0,0,0,0,0,0,0,0,0,0,0,0,0,8.21,0,0,0,8.21,0,0,0,0,0,0,0,3.1,3.1,0,0,11.32,0,0,0,0,0,0,0,0,0,0,0,0,0,0,5.63,5.63,6.71,0,0,0,0,0,0,0,0,0,49.65,49.65,0,0,49.65,3.17,0,0,52.82,97.88,0,3.93,3.93,0,0,1.18,0,0,1.69,1.69,0,0,0,0,0,6.8,5.05,11.86,0,0,0,0,109.73,0,0,0,0,0,1.64,0,0,0,0,0,0,0,0,0,0,1.64,1.64,0,0,0,0,0,0,0,12.03,0,28.65,28.65,0,32.44,0,37.23,0,32.44,32.44,37.23,0,0,0,0,0,37.23,0,0,0,0,0.91,0,0,0,0,77.52,77.52,77.52,77.52,0,115.67,0,0,0,0,0,0,0,0,0,37.84,0,0,0,0,0,0,0,0,0,0,0,0,0,0,0,0,0,0,0,0,0,55.26,1.24,1.24,0.97,225.97,236.95,0,0,0,292.21,63.49,63.49,0,541.34,0,541.34,541.34,0,0,0,0,0,70.56,0,0,492.65,0,0,0,156.02,232.93,0,0,232.93,232.93,0,0,0,0,232.93,0,0,0,0,848.11,0,0,45.06,0,0,49.49,94.35,155.73,155.73,14.09,216.02,232.85,7.04,248.73,0,0,2.24,0,16.86,0,5.6,0,5.6,0,0,0,0,0,0,18.06,67.55,81.15,104.81,0,0,34.42,0,6.19,0,1883.19,0,406.45,1883.19,2324.86,2324.86,167.46,186.53,194.18,0,0,0,0,0,0,0,0,0,32.98,0,0,0,322.24,0,0,0,71.78,25.4,0,0,0,9.19,0,0,0,0,0,0,0,0,0,577.92,0,0,0,0,218.47,0,0,0
2024-03-31,0,0,0,22.01,22.01,22.01,0,0,0,0,0,0,0,0,0,0,0,0,0,4.41,4.41,0,0,0,0,0,0,0,0,0,0,0,0,0,0,0,0,0.64,0.64,0.64,0.64,0.64,0.64,0.64,0,0.64,0,0,0,0,0,0,0,0,0,0,0,1.03,0,1.03,1.03,1.03,1.03,0,0,0,0,0,0,0,0,2.47,2.47,1.1,0,1.1,0,0,0,1.1,2.35,0,0,0,0,0,0,0,0,0,0,0,0,0,0,0.45,5.33,0,0.19,0.19,0.19,0,1.16,1.35,0,0,0,1.35,0,0,0,0,0,0,0,0,0,0,0,0,0,0,0,0,0,0,0,0,0,0,0,0,0,8.17,0,0,0,8.17,0,0,0,0,0,0,0,3.1,3.1,0,0,11.27,0,0,0,0,0,0,0,0,0,0,0,0,0,0,5.63,5.63,6.71,0,0,0,0,0,0,0,0,0,49.9,49.9,0,0,49.9,3.04,0,0,52.94,94.63,0,2.47,2.47,0,0,1.16,0,0,0.95,0.95,0,0,0,0,0,4.58,5.06,9.63,0,0,0,0,104.26,0,0,0,0,0,1.28,0,0,0,0,0,0,0,0,0,0,1.28,1.28,0,0,0,0,0,0,0,11.99,0,28.56,28.56,0,32.35,0,37.18,0,32.35,32.35,37.18,0,0,0,0,0,37.18,0,0,0,0,0.91,0,0,0,0,76.02,76.02,76.02,76.02,0,114.11,0,0,0,0,0,0,0,0,0,37.84,0,0,0,0,0,0,0,0,0,0,0,0,0,0,0,0,0,0,0,0,0,55.32,1.24,1.24,0.96,225.97,236.98,0,0,0,292.31,63.73,63.73,0,541.92,0,541.92,541.92,0,0,0,0,0,70.56,0,0,492.17,0,0,0,156.02,232.24,0,0,232.24,232.24,0,0,0,0,232.24,0,0,0,0,845.0,0,0,44.79,0,0,49.6,92.97,154.59,154.59,14.3,208.52,225.66,6.98,248.11,0,0,2.18,0,16.43,0,5.58,0,5.58,0,0,0,0,0,0,17.43,66.8,78.28,101.3,0,0,33.9,0,6.19,0,1705.95,0,358.75,1705.95,2099.26,2099.26,164.42,183.54,191.19,0,0,0,0,0,0,0,0,0,33.71,0,0,0,322.84,0,0,0,73.17,25.6,0,0,0,9.74,0,0,0,0,0,0,0,0,0,566.48,0,0,0,0,218.29,0,0,0
2024-04-30,0,0,0,22.07,22.07,22.07,0,0,0,0,0,0,0,0,0,0,0,0,0,4.41,4.41,0,0,0,0,0,0,0,0,0,0,0,0,0,0,0,0,0.64,0.64,0.64,0.64,0.64,0.64,0.64,0,0.64,0,0,0,0,0,0,0,0,0,0,0,1.06,0,1.06,1.06,1.06,1.06,0,0,0,0,0,0,0,0,2.47,2.47,1.1,0,1.1,0,0,0,1.1,2.37,0,0,0,0,0,0,0,0,0,0,0,0,0,0,0.52,5.48,0,0.19,0.19,0.19,0,1.17,1.36,0,0,0,1.36,0,0,0,0,0,0,0,0,0,0,0,0,0,0,0,0,0,0,0,0,0,0,0,0,0,8.17,0,0,0,8.17,0,0,0,0,0,0,0,3.1,3.1,0,0,11.27,0,0,0,0,0,0,0,0,0,0,0,0,0,0,5.63,5.63,6.71,0,0,0,0,0,0,0,0,0,49.9,49.9,0,0,49.9,3.04,0,0,52.94,94.63,0,2.47,2.47,0,0,1.16,0,0,0.95,0.95,0,0,0,0,0,4.58,5.06,9.63,0,0,0,0,104.26,0,0,0,0,0,1.28,0,0,0,0,0,0,0,0,0,0,1.28,1.28,0,0,0,0,0,0,0,12.0,0,28.57,28.57,0,32.36,0,37.2,0,32.36,32.36,37.2,0,0,0,0,0,37.2,0,0,0,0,0.92,0,0,0,0,76.02,76.02,76.02,76.02,0,114.13,0,0,0,0,0,0,0,0,0,37.85,0,0,0,0,0,0,0,0,0,0,0,0,0,0,0,0,0,0,0,0,0,55.37,1.25,1.25,0.97,226.06,237.1,0,0,0,292.46,63.73,63.73,0,542.16,0,542.16,542.16,0,0,0,0,0,70.63,0,0,492.29,0,0,0,156.07,232.25,0,0,232.25,232.25,0,0,0,0,232.25,0,0,0,0,839.85,0,0,44.79,0,0,49.6,92.97,154.59,154.59,14.3,208.52,225.66,6.98,248.05,0,0,2.18,0,16.44,0,5.59,0,5.59,0,0,0,0,0,0,17.45,65.69,77.21,100.24,0,0,33.94,0,6.19,0,1318.86,0,358.75,1318.86,1712.21,1712.21,164.45,183.57,191.22,0,0,0,0,0,0,0,0,0,33.71,0,0,0,323.24,0,0,0,73.57,25.6,0,0,0,9.74,0,0,0,0,0,0,0,0,0,566.48,0,0,0,0,217.13,0,0,0
2024-05-31,0,0,0,22.12,22.12,22.12,0,0,0,0,0,0,0,0,0,0,0,0,0,4.39,4.39,0,0,0,0,0,0,0,0,0,0,0,0,0,0,0,0,0.65,0.65,0.65,0.65,0.65,0.65,0.65,0,0.65,0,0,0,0,0,0,0,0,0,0,0,1.1,0,1.1,1.1,1.1,1.1,0,0,0,0,0,0,0,0,2.48,2.48,1.1,0,1.1,0,0,0,1.1,2.45,0,0,0,0,0,0,0,0,0,0,0,0,0,0,0.75,6.06,0,0.19,0.19,0.19,0,1.21,1.4,0,0,0,1.4,0,0,0,0,0,0,0,0,0,0,0,0,0,0,0,0,0,0,0,0,0,0,0,0,0,8.17,0,0,0,8.17,0,0,0,0,0,0,0,3.1,3.1,0,0,11.27,0,0,0,0,0,0,0,0,0,0,0,0,0,0,5.63,5.63,6.71,0,0,0,0,0,0,0,0,0,49.9,49.9,0,0,49.9,3.04,0,0,52.94,94.63,0,2.47,2.47,0,0,1.16,0,0,0.95,0.95,0,0,0,0,0,4.58,5.06,9.63,0,0,0,0,104.26,0,0,0,0,0,1.31,0,0,0,0,0,0,0,0,0,0,1.31,1.31,0,0,0,0,0,0,0,12.03,0,28.6,28.6,0,32.4,0,37.24,0,32.4,32.4,37.24,0,0,0,0,0,37.24,0,0,0,0,0.93,0,0,0,0,76.02,76.02,76.02,76.02,0,114.18,0,0,0,0,0,0,0,0,0,37.87,0,0,0,0,0,0,0,0,0,0,0,0,0,0,0,0,0,0,0,0,0,55.41,1.25,1.25,0.97,226.24,237.29,0,0,0,292.7,63.73,63.73,0,542.57,0,542.57,542.57,0,0,0,0,0,70.71,0,0,492.58,0,0,0,156.19,232.31,0,0,232.31,232.31,0,0,0,0,232.31,0,0,0,0,832.3,0,0,44.81,0,0,49.61,92.97,154.59,154.59,14.3,208.52,225.66,6.98,247.96,0,0,2.19,0,16.46,0,5.61,0,5.61,0,0,0,0,0,0,17.51,64.03,75.68,98.81,0,0,34.0,0,6.19,0,1318.86,0,358.76,1318.86,1712.31,1712.31,164.56,183.71,191.36,0,0,0,0,0,0,0,0,0,33.71,0,0,0,323.65,0,0,0,73.89,25.61,0,0,0,9.74,0,0,0,0,0,0,0,0,0,566.48,0,0,0,0,214.79,0,0,0
2024-06-30,0,0,0,22.15,22.15,22.15,0,0,0,0,0,0,0,0,0,0,0,0,0,4.33,4.33,0,0,0,0,0,0,0,0,0,0,0,0,0,0,0,0,0.66,0.66,0.66,0.66,0.66,0.66,0.66,0,0.66,0,0,0,0,0,0,0,0,0,0,0,1.13,0,1.13,1.13,1.13,1.13,0,0,0,0,0,0,0,0,2.51,2.51,1.11,0,1.11,0,0,0,1.11,2.61,0,0,0,0,0,0,0,0,0,0,0,0,0,0,1.15,7.17,0,0.19,0.19,0.19,0,1.31,1.5,0,0,0,1.5,0,0,0,0,0,0,0,0,0,0,0,0,0,0,0,0,0,0,0,0,0,0,0,0,0,8.17,0,0,0,8.17,0,0,0,0,0,0,0,3.1,3.1,0,0,11.27,0,0,0,0,0,0,0,0,0,0,0,0,0,0,5.63,5.63,6.71,0,0,0,0,0,0,0,0,0,49.9,49.9,0,0,49.9,3.04,0,0,52.94,94.63,0,2.47,2.47,0,0,1.16,0,0,0.95,0.95,0,0,0,0,0,4.58,5.06,9.63,0,0,0,0,104.26,0,0,0,0,0,1.37,0,0,0,0,0,0,0,0,0,0,1.37,1.37,0,0,0,0,0,0,0,12.08,0,28.67,28.67,0,32.48,0,37.31,0,32.48,32.48,37.31,0,0,0,0,0,37.31,0,0,0,0,0.95,0,0,0,0,76.02,76.02,76.02,76.02,0,114.27,0,0,0,0,0,0,0,0,0,37.9,0,0,0,0,0,0,0,0,0,0,0,0,0,0,0,0,0,0,0,0,0,55.45,1.25,1.25,0.97,226.48,237.54,0,0,0,292.99,63.73,63.73,0,543.11,0,543.11,543.11,0,0,0,0,0,70.8,0,0,493.1,0,0,0,156.39,232.49,0,0,232.49,232.49,0,0,0,0,232.49,0,0,0,0,822.84,0,0,44.87,0,0,49.61,92.97,154.58,154.58,14.3,208.52,225.66,6.98,247.83,0,0,2.19,0,16.51,0,5.66,0,5.66,0,0,0,0,0,0,17.66,61.94,73.94,97.26,0,0,34.12,0,6.19,0,1318.94,0,358.76,1318.94,1712.57,1712.57,164.83,184.04,191.68,0,0,0,0,0,0,0,0,0,33.7,0,0,0,324.17,0,0,0,74.11,25.61,0,0,0,9.74,0,0,0,0,0,0,0,0,0,566.48,0,0,0,0,211.44,0,0,0
2024-07-31,0,0,0,22.16,22.16,22.16,0,0,0,0,0,0,0,0,0,0,0,0,0,4.21,4.21,0,0,0,0,0,0,0,0,0,0,0,0,0,0,0,0,0.68,0.68,0.68,0.68,0.68,0.68,0.68,0,0.68,0,0,0,0,0,0,0,0,0,0,0,1.18,0,1.18,1.18,1.18,1.18,0,0,0,0,0,0,0,0,2.58,2.58,1.13,0,1.13,0,0,0,1.13,2.88,0,0,0,0,0,0,0,0,0,0,0,0,0,0,1.76,9.03,0,0.19,0.19,0.19,0,1.51,1.7,0,0,0,1.7,0,0,0,0,0,0,0,0,0,0,0,0,0,0,0,0,0,0,0,0,0,0,0,0,0,8.17,0,0,0,8.17,0,0,0,0,0,0,0,3.1,3.1,0,0,11.27,0,0,0,0,0,0,0,0,0,0,0,0,0,0,5.63,5.63,6.71,0,0,0,0,0,0,0,0,0,49.9,49.9,0,0,49.9,3.04,0,0,52.94,94.63,0,2.47,2.47,0,0,1.16,0,0,0.95,0.95,0,0,0,0,0,4.58,5.06,9.63,0,0,0,0,104.26,0,0,0,0,0,1.51,0,0,0,0,0,0,0,0,0,0,1.51,1.51,0,0,0,0,0,0,0,12.16,0,28.8,28.8,0,32.6,0,37.44,0,32.6,32.6,37.44,0,0,0,0,0,37.44,0,0,0,0,0.97,0,0,0,0,76.02,76.02,76.02,76.02,0,114.43,0,0,0,0,0,0,0,0,0,37.93,0,0,0,0,0,0,0,0,0,0,0,0,0,0,0,0,0,0,0,0,0,55.48,1.26,1.26,0.98,226.82,237.89,0,0,0,293.37,63.73,63.73,0,543.83,0,543.83,543.83,0,0,0,0,0,70.92,0,0,493.97,0,0,0,156.65,232.85,0,0,232.85,232.85,0,0,0,0,232.85,0,0,0,0,810.85,0,0,44.99,0,0,49.61,92.97,154.55,154.55,14.3,208.52,225.66,6.98,247.68,0,0,2.2,0,16.62,0,5.72,0,5.72,0,0,0,0,0,0,17.96,59.31,71.99,95.66,0,0,34.35,0,6.19,0,1319.18,0,358.77,1319.18,1713.11,1713.11,165.35,184.69,192.32,0,0,0,0,0,0,0,0,0,33.69,0,0,0,324.94,0,0,0,74.25,25.62,0,0,0,9.74,0,0,0,0,0,0,0,0,0,566.48,0,0,0,0,206.91,0,0,0
2024-08-31,0,0,0,22.17,22.17,22.17,0,0,0,0,0,0,0,0,0,0,0,0,0,4.0,4.0,0,0,0,0,0,0,0,0,0,0,0,0,0,0,0,0,0.72,0.72,0.72,0.72,0.72,0.72,0.72,0,0.72,0,0,0,0,0,0,0,0,0,0,0,1.23,0,1.23,1.23,1.23,1.23,0,0,0,0,0,0,0,0,2.69,2.69,1.15,0,1.15,0,0,0,1.15,3.3,0,0,0,0,0,0,0,0,0,0,0,0,0,0,2.59,11.75,0,0.19,0.19,0.19,0,1.82,2.01,0,0,0,2.01,0,0,0,0,0,0,0,0,0,0,0,0,0,0,0,0,0,0,0,0,0,0,0,0,0,8.17,0,0,0,8.17,0,0,0,0,0,0,0,3.1,3.1,0,0,11.27,0,0,0,0,0,0,0,0,0,0,0,0,0,0,5.63,5.63,6.71,0,0,0,0,0,0,0,0,0,49.9,49.9,0,0,49.9,3.04,0,0,52.94,94.63,0,2.47,2.47,0,0,1.16,0,0,0.95,0.95,0,0,0,0,0,4.58,5.06,9.63,0,0,0,0,104.26,0,0,0,0,0,1.74,0,0,0,0,0,0,0,0,0,0,1.74,1.74,0,0,0,0,0,0,0,12.28,0,28.98,28.98,0,32.79,0,37.63,0,32.79,32.79,37.63,0,0,0,0,0,37.63,0,0,0,0,1.0,0,0,0,0,76.02,76.02,76.02,76.02,0,114.65,0,0,0,0,0,0,0,0,0,37.98,0,0,0,0,0,0,0,0,0,0,0,0,0,0,0,0,0,0,0,0,0,55.51,1.27,1.27,0.99,227.25,238.32,0,0,0,293.82,63.73,63.73,0,544.7,0,544.7,544.7,0,0,0,0,0,71.07,0,0,495.25,0,0,0,156.98,233.45,0,0,233.45,233.45,0,0,0,0,233.45,0,0,0,0,796.6,0,0,45.2,0,0,49.61,92.97,154.5,154.5,14.3,208.52,225.66,6.98,247.51,0,0,2.22,0,16.79,0,5.8,0,5.8,0,0,0,0,0,0,18.43,56.21,70.03,94.26,0,0,34.7,0,6.19,0,1319.63,0,358.78,1319.63,1714.05,1714.05,166.2,185.73,193.35,0,0,0,0,0,0,0,0,0,33.68,0,0,0,326.07,0,0,0,74.29,25.62,0,0,0,9.74,0,0,0,0,0,0,0,0,0,566.48,0,0,0,0,201.31,0,0,0
