name_id,date,1001001,1001002,1001003,1020002,1020003,1021001,1201001,1201003,1201005,1210001,1211001,1300009,1310002,1502002,1502008,1730002,1730007,1730012,2110001,2110002,2110004,2110031,2112005,2112006,2112007,2120001,3404001,3414001,3430001,3430003,3431001,3434003,3450001,3453001,3802001,3804002,3806001,3814003,3815001,3815002,3820001,3820002,3820003,3825001,4308001,4311001,4313001,4314002,4320001,4323001,4501001,4503001,4511002,4512001,4513001,4514001,4515002,4522002,4523002,4530001,4531002,4533002,4537001,4558001,4703002,4704001,4704002,4711001,4714001,4716004,4721001,4723001,4726001,4730001,5100001,5101001,5110002,5120001,5200001,5221002,5320001,5402001,5403002,5406001,5410002,5410005,5414001,5421002,5423003,5701002,5702001,5704002,5707002,5710001,5716001,5720001,5722002,5734001,5737002,5741001,5746001,5748001,6003001,6006001,6008005,6011001,6013001,6015001,6018001,6019003,6027001,6028001,6033011,6034022,6034023,6035001,6043001,6132001,7103001,7104002,7112001,7115001,7116001,7123001,7200002,7303000,7308001,7308002,7317003,7317005,7320003,7321002,7322001,7330001,7332001,7335001,7335002,7336001,7339001,7341001,7343001,7350001,7350002,7350003,7354002,7355001,7355002,7357002,7358001,7359001,7372001,7374001,7379002,7381001,7383001,7400001,8104001,8105001,8106002,8112001,8114001,8117005,8117006,8123001,8124001,8124002,8130001,8130002,8132001,8134003,8135002,8140002,8141001,8144001,8210003,8220001,8220008,8220009,8220010,8304001,8307002,8308000,8312000,8312001,8313001,8316002,8317001,8317002,8317004,8317005,8319001,8323001,8323002,8324002,8330001,8332001,8334001,8342001,8343001,8351001,8356001,8358001,8362001,8366002,8376001,8380001,8380006,8381003,8383001,8393002,8394001,8720001,8820001,8821001,8821002,8821003,8821006,8822002,8910001,9101001,9101002,9102001,9104001,9104002,9106001,9107001,9113001,9116001,9122002,9123001,9126001,9127001,9129002,9131001,9134001,9135001,9140001,9404001,9405001,9412001,9414001,9416001,9420001,9423001,9433001,9434001,9436001,9437002,10102001,10111001,10121001,10122001,10122003,10133000,10134001,10137001,10142003,10304001,10306001,10311001,10313001,10327001,10328001,10340001,10343001,10343002,10344003,10344004,10351001,10356001,10362001,10363002,10364001,10401001,10405002,10411002,10414001,10432002,11040001,11143002,11147001,11302001,11307001,11308001,11310001,11310003,11315001,11316001,11317001,11335002,11337001,11342001,11505001,11514001,11520002,11521001,11530000,11536004,11542001,11545000
A2021001,2021-01-01,333,302,339,81,81,187,194,183,191,177,184,157,167,142,157,129,162,125,164,164,188,164,174,174,174,134,295,132,166,156,235,245,223,213,130,147,168,128,157,145,164,165,161,180,178,224,174,233,226,251,188,207,180,222,229,262,263,303,282,283,241,234,235,279,269,261,202,328,319,328,223,253,297,317,259,244,269,290,238,350,413,296,314,297,295,434,254,396,427,302,347,371,370,383,470,401,377,316,346,379,469,443,294,323,455,513,493,560,565,549,525,522,563,570,571,562,432,423,606,603,685,664,627,552,585,418,683,558,587,587,669,578,587,653,573,520,534,559,484,498,460,689,723,768,667,633,662,514,621,537,574,658,557,484,540,626,691,654,670,773,623,546,778,591,584,577,766,770,588,552,580,570,573,501,726,630,741,628,629,702,654,655,655,656,656,801,675,738,654,678,684,695,748,677,700,673,676,726,647,638,529,584,745,616,761,669,668,648,647,666,644,739,802,755,734,725,684,758,681,682,685,610,586,597,680,547,554,580,824,783,783,712,700,771,799,737,695,774,749,902,847,832,808,785,768,736,761,742,863,824,745,776,776,774,750,761,785,812,820,783,749,816,778,772,813,803,775,786,773,743,771,792,741,808,792,716,760,819,754,713,819,619,772,727,792,792,659,703,752,823,823,749,675,835,410,322,538,538,538,538
A2021017,2021-01-17,330,305,339,76,76,219,217,204,214,200,193,174,188,147,166,129,157,126,163,163,191,163,176,176,176,134,292,133,165,156,234,241,220,212,131,152,171,133,160,148,167,167,164,180,173,227,175,233,225,250,187,206,184,223,234,266,266,305,282,282,239,237,232,276,275,270,207,327,313,324,221,251,294,313,259,241,267,287,251,345,411,308,325,308,300,433,248,386,424,303,342,368,371,381,465,410,382,311,339,378,463,437,311,323,465,512,506,554,553,541,520,521,568,570,569,558,427,417,608,602,683,669,630,543,588,420,696,559,584,584,672,578,579,638,561,513,535,554,478,493,454,677,738,767,660,631,665,505,615,528,570,658,558,480,534,627,642,652,654,766,597,522,773,552,554,538,758,793,561,526,557,549,553,492,749,647,747,646,647,665,629,643,633,634,634,799,655,720,636,663,654,675,742,636,694,662,657,713,619,620,517,568,742,587,757,662,661,640,642,665,634,751,832,784,751,741,687,792,701,701,706,616,535,551,615,493,507,557,809,761,762,658,644,750,763,666,638,752,729,902,843,818,799,765,784,727,771,713,898,837,728,765,765,766,741,745,828,847,836,782,695,781,753,791,824,826,777,802,725,714,749,760,710,778,747,743,765,831,745,727,812,557,726,678,724,724,636,685,727,710,710,719,674,813,444,320,536,536,536,536
A2021033,2021-02-02,309,306,338,74,74,212,218,212,214,205,194,177,192,149,159,131,157,127,173,173,197,173,180,180,180,137,297,134,167,157,231,232,213,208,135,155,174,136,163,153,170,170,167,184,172,237,178,238,228,252,190,208,182,229,230,269,266,301,281,279,240,242,233,280,279,271,210,334,321,333,229,258,300,321,277,259,281,305,255,365,437,317,336,323,322,468,253,437,464,319,337,380,400,400,535,428,400,332,369,407,507,482,343,322,503,590,533,626,618,606,604,612,653,655,645,623,477,454,657,654,707,685,694,620,634,418,722,588,599,599,709,604,649,680,612,555,580,580,501,538,492,709,780,791,707,675,698,544,689,574,659,738,652,532,592,655,663,671,680,815,654,575,801,595,598,582,793,769,605,583,604,599,603,528,775,673,781,672,673,661,634,654,638,640,640,817,671,738,641,673,683,704,756,695,698,670,681,728,647,629,521,584,753,646,802,702,702,680,690,700,661,773,847,794,750,759,699,796,696,697,702,609,525,552,605,484,501,551,781,748,758,659,642,752,759,658,635,733,725,891,833,825,807,762,784,727,770,707,865,819,704,720,720,737,726,716,801,813,850,739,624,727,702,761,819,802,734,772,668,651,683,677,648,752,711,756,744,834,726,725,819,503,680,635,654,655,600,633,676,638,638,670,637,805,456,307,523,523,523,523
A2021049,2021-02-18,373,337,381,96,96,221,219,212,230,205,197,173,189,151,169,132,171,129,177,177,202,177,185,185,185,138,308,137,165,155,230,231,211,208,136,155,175,137,164,153,171,170,167,184,175,235,176,235,225,251,195,209,186,231,235,273,263,296,280,277,242,244,233,280,274,265,207,332,318,332,234,258,298,319,276,253,281,293,240,342,405,323,347,334,325,456,253,427,449,327,352,387,400,403,510,441,413,321,358,383,499,472,335,337,485,543,516,583,599,579,569,564,640,641,636,618,468,460,644,638,694,670,669,605,613,410,695,586,595,595,694,600,627,699,607,543,555,575,491,520,473,700,760,759,694,674,695,532,668,561,651,710,639,517,578,655,637,670,680,809,664,590,790,636,634,623,774,764,628,596,623,611,613,517,753,653,766,652,653,663,634,631,636,637,637,809,673,756,639,672,692,718,775,697,714,683,690,745,653,646,524,589,747,646,807,715,715,692,691,680,661,767,835,774,735,745,684,786,688,691,696,602,550,573,625,501,517,561,782,754,769,675,658,762,772,675,649,738,753,897,818,810,791,752,790,731,782,714,850,804,686,668,668,733,723,674,837,769,834,688,567,673,663,735,793,762,693,734,631,611,621,613,606,751,684,716,697,824,708,719,820,486,667,624,623,623,587,611,644,605,605,642,612,819,439,318,514,514,514,514
A2021065,2021-03-06,317,320,350,74,74,216,230,221,234,211,198,178,191,153,172,131,163,128,173,173,205,173,188,188,188,140,275,135,163,153,227,227,208,206,139,158,177,138,165,153,173,173,169,187,179,237,178,238,229,252,203,213,194,240,239,275,268,301,284,283,245,251,237,287,281,280,214,341,328,339,240,260,300,325,289,254,281,297,264,347,402,348,369,354,334,462,253,413,453,349,372,411,416,424,502,465,437,316,352,374,489,461,361,346,494,532,527,567,576,561,577,566,630,621,616,592,457,450,647,642,695,665,672,594,631,445,712,582,601,601,687,598,614,698,590,525,512,576,498,530,484,698,754,773,689,672,696,520,648,546,645,701,617,505,562,666,674,667,678,831,661,587,786,662,656,648,776,776,633,589,626,608,611,522,773,683,787,682,683,644,622,630,626,627,627,813,663,749,628,663,684,723,783,692,736,688,690,751,673,665,541,598,758,639,806,715,714,694,690,705,662,773,859,806,768,754,699,819,702,714,720,614,569,587,622,502,521,564,762,736,762,665,648,749,765,668,637,721,743,887,819,807,787,750,770,718,767,700,857,808,691,691,691,722,713,702,805,780,846,706,584,700,686,730,804,774,703,739,643,633,636,643,625,764,693,723,717,823,720,729,814,494,674,630,650,650,598,630,657,626,626,653,618,772,450,307,516,516,516,516
A2021081,2021-03-22,322,321,347,80,80,236,209,219,240,213,200,186,196,155,168,129,160,127,179,179,203,179,185,185,185,139,264,142,172,161,240,233,214,213,137,159,176,143,168,158,173,173,170,189,176,238,182,238,228,252,196,214,191,243,242,274,274,306,288,283,245,249,235,285,271,279,217,338,333,341,235,267,304,327,284,252,287,300,260,348,409,342,365,351,331,445,253,425,443,335,362,406,394,417,489,459,434,309,345,398,488,456,349,324,488,510,517,538,548,541,569,570,607,589,591,566,461,444,636,630,676,649,660,575,617,396,677,572,570,570,666,581,600,671,553,488,446,577,490,521,473,696,754,753,680,654,679,493,619,517,622,693,594,491,536,659,629,640,660,815,635,577,780,636,639,628,760,748,619,574,614,591,594,514,746,658,757,658,659,635,614,622,618,619,619,784,654,743,621,652,671,707,768,638,730,690,675,740,662,655,523,584,758,606,792,699,698,677,667,684,648,763,833,779,742,734,680,790,680,699,706,603,547,575,609,491,510,556,767,741,757,656,639,752,746,659,625,713,685,870,807,791,778,737,761,706,755,685,844,795,720,713,713,718,707,713,879,786,845,724,615,606,670,776,778,766,717,757,640,641,655,647,637,769,678,714,703,810,703,725,815,513,675,635,663,662,606,630,647,609,609,649,626,783,420,299,514,514,514,514
A2021097,2021-04-07,304,318,340,84,84,213,217,207,221,197,199,173,182,159,170,131,166,128,173,173,196,173,180,180,180,138,234,140,165,155,232,223,206,206,139,160,179,144,169,159,176,176,172,189,183,247,185,240,230,253,208,220,189,256,242,274,274,305,288,283,248,253,239,287,278,272,211,339,334,342,237,270,310,330,278,261,288,300,259,347,389,331,359,349,331,428,257,426,429,333,358,408,399,417,468,457,430,305,341,392,479,444,344,309,480,475,536,512,532,517,537,533,578,551,556,538,458,434,621,611,679,646,642,552,633,408,690,563,569,569,651,578,587,675,536,472,411,581,489,542,487,692,757,760,672,648,669,484,603,507,601,679,574,484,525,688,684,629,652,808,609,567,775,647,640,632,763,759,610,559,606,580,584,519,764,653,779,651,652,615,600,611,604,605,605,821,657,775,608,652,676,720,784,619,744,705,684,753,669,661,572,614,768,614,794,711,711,692,672,692,658,787,861,813,760,761,706,820,712,730,736,633,528,566,604,500,528,580,773,736,754,661,646,748,758,666,640,723,766,863,819,802,788,759,793,737,793,710,836,807,745,762,763,758,748,715,859,815,838,757,657,759,735,804,820,818,755,799,670,699,710,673,700,821,759,751,752,827,459,761,604,488,589,534,673,672,634,646,651,639,639,629,608,774,424,289,512,512,512,512
A2021113,2021-04-23,314,303,331,82,82,191,204,193,204,187,198,167,177,155,166,131,162,128,164,164,197,164,180,180,180,137,253,136,158,149,224,217,201,201,134,156,171,142,168,159,170,170,167,186,177,243,187,237,227,247,199,219,200,258,246,264,268,300,287,276,248,261,241,291,271,270,216,333,335,341,233,266,303,327,277,257,289,300,262,356,422,326,350,344,327,405,255,421,418,336,351,403,408,414,448,449,423,303,336,399,473,432,355,330,482,452,526,484,502,490,553,552,557,519,524,504,449,466,636,630,674,630,650,547,683,415,693,583,587,587,677,597,609,690,578,521,429,635,552,597,543,710,776,771,701,690,712,526,643,543,616,720,589,556,556,729,718,632,669,804,605,580,768,627,624,613,748,735,597,574,604,593,598,583,743,678,768,678,679,560,545,559,549,551,551,785,610,752,556,601,644,702,761,581,720,683,661,742,655,669,588,618,752,599,781,697,697,680,657,696,648,787,848,795,759,777,716,808,715,715,718,650,556,585,623,515,529,586,734,711,760,673,650,738,764,674,651,717,736,814,780,779,757,737,796,745,802,714,818,794,742,739,741,750,727,423,850,796,850,731,661,792,765,797,828,831,780,806,748,738,748,737,731,790,784,778,788,835,694,690,788,537,630,609,666,665,601,638,633,658,658,636,561,752,441,289,494,494,494,494
A2021129,2021-05-09,299,286,313,81,81,177,194,182,192,177,191,160,170,154,165,127,161,125,150,150,188,150,175,175,175,136,231,138,161,153,219,208,194,197,140,161,173,139,166,156,171,170,167,188,175,250,194,241,229,248,203,225,209,246,253,270,275,301,290,295,260,268,245,289,270,266,214,324,345,341,231,269,315,329,292,259,298,313,263,370,412,349,376,368,360,410,254,406,413,333,315,374,392,391,419,450,431,305,329,415,459,414,302,303,469,408,544,452,466,454,571,554,532,493,489,468,449,504,653,642,640,612,641,552,724,416,698,574,574,574,651,592,613,681,591,556,468,672,608,658,617,724,788,753,708,694,711,571,598,576,626,713,598,599,585,772,634,607,668,812,617,614,753,660,658,648,706,742,622,605,636,621,627,648,771,717,777,717,718,511,502,497,503,504,504,797,592,769,512,574,654,737,782,577,755,722,683,774,694,692,596,629,763,614,778,716,716,709,681,707,665,790,849,806,778,768,723,812,756,739,743,668,606,618,642,533,537,600,704,690,756,676,651,731,766,678,657,718,752,773,753,761,741,731,797,751,815,720,793,789,688,726,726,786,764,702,835,776,800,746,691,717,763,799,805,819,788,808,693,733,766,714,738,768,745,783,783,812,695,714,763,505,593,576,604,602,609,608,596,621,621,599,519,649,366,293,455,455,455,455
A2021145,2021-05-25,265,256,278,75,75,175,191,184,195,180,194,161,169,144,150,129,166,126,167,167,226,167,209,209,209,147,249,139,158,150,205,193,180,189,140,157,167,136,163,153,166,166,163,186,172,245,176,221,213,233,170,210,204,219,235,262,264,280,270,281,247,244,229,274,258,260,208,308,325,325,211,258,291,313,286,256,266,286,269,346,420,355,368,368,345,362,261,363,377,346,346,388,429,412,379,463,439,284,311,399,450,397,351,365,483,360,541,414,451,429,574,541,529,478,479,465,422,541,659,651,652,578,637,558,729,415,656,579,543,543,649,584,590,660,588,559,473,685,618,639,609,687,742,683,675,677,670,571,612,573,634,711,604,601,583,758,670,604,649,821,619,594,764,644,643,633,684,709,615,580,611,599,593,547,767,744,740,747,747,502,477,376,459,461,461,733,542,731,466,522,616,720,755,564,727,707,647,675,591,557,333,464,743,614,773,711,711,700,662,693,598,756,834,700,654,779,680,580,446,536,538,397,471,465,479,357,302,372,482,517,614,562,479,524,354,425,424,359,282,317,276,305,357,411,348,411,353,374,383,398,769,575,575,292,329,753,778,508,590,576,627,725,749,659,684,756,612,689,689,633,651,698,617,558,765,757,691,657,329,537,493,471,292,358,530,529,358,352,475,399,399,440,450,236,371,310,412,412,412,412
A2021161,2021-06-10,272,254,278,72,72,163,177,167,173,168,192,157,166,155,165,130,163,127,154,154,194,154,177,177,177,138,240,135,152,145,196,188,176,186,133,147,155,123,151,142,154,154,151,176,158,223,169,207,199,217,171,205,198,213,230,256,260,280,270,281,249,239,235,268,264,261,215,314,323,325,216,263,291,312,307,248,281,294,294,352,417,372,382,375,347,360,281,367,371,362,352,413,431,425,368,450,428,277,306,387,448,389,261,303,464,348,494,396,453,418,588,580,553,483,477,462,413,567,711,710,666,629,680,565,743,399,671,575,549,549,574,588,580,701,618,597,505,710,661,667,649,698,687,642,658,668,693,605,619,604,662,725,628,578,606,769,638,532,607,737,623,624,717,653,660,647,650,719,622,620,642,640,646,702,782,739,787,741,741,495,485,482,485,487,487,779,573,771,493,553,644,736,772,562,767,723,689,764,694,685,696,691,782,602,707,686,686,683,688,722,692,812,847,849,811,800,767,812,751,758,759,723,618,621,660,602,602,655,642,658,717,677,646,711,676,657,650,693,651,699,660,695,671,670,750,700,754,683,740,753,783,771,770,731,721,757,878,766,733,756,746,755,783,805,807,828,802,818,791,779,767,738,767,797,790,786,793,809,650,850,687,427,568,519,551,548,513,553,532,532,532,537,478,288,365,362,404,404,404,404
A2021177,2021-06-26,260,234,259,78,78,155,172,162,167,162,194,153,162,151,156,125,152,123,138,138,184,138,170,170,170,133,221,130,145,139,184,181,171,182,128,141,148,120,149,139,149,148,146,171,146,217,165,194,185,201,161,193,196,175,212,236,244,261,255,276,248,258,234,267,260,271,223,314,335,337,224,271,310,327,323,255,284,300,311,368,445,338,384,361,346,364,311,364,384,315,258,365,423,396,383,460,442,304,319,407,436,393,317,162,477,347,507,368,432,398,585,554,474,466,478,471,421,599,697,687,601,524,673,550,762,451,608,514,605,605,637,544,546,703,640,621,522,752,703,696,670,670,711,651,667,624,655,629,611,617,620,688,601,640,610,780,684,593,643,844,660,669,764,688,691,681,705,719,661,668,683,673,679,747,805,776,816,778,778,483,479,488,485,487,487,801,584,777,497,562,665,759,791,583,796,759,715,793,737,747,693,715,821,635,734,709,709,714,722,695,720,832,878,845,822,832,779,828,797,756,768,625,623,618,642,585,547,616,653,662,716,663,635,706,732,666,645,713,737,709,701,743,713,710,802,748,784,726,771,780,500,678,680,442,379,204,821,806,771,756,735,747,776,810,821,759,732,783,771,765,757,733,721,775,698,795,774,786,555,495,497,375,327,358,265,266,370,413,352,482,482,356,347,567,416,399,403,403,403,403
A2021193,2021-07-12,240,228,244,74,74,156,170,160,165,160,190,147,157,151,156,125,150,122,134,134,174,134,163,163,163,132,216,128,143,137,177,173,164,177,130,145,152,123,148,140,151,151,148,172,151,223,168,200,191,204,169,199,193,214,219,241,243,261,254,254,222,237,217,262,248,251,205,290,312,317,198,244,292,312,300,247,265,294,322,362,429,334,385,371,343,326,274,343,342,342,324,394,413,419,353,467,450,295,311,382,429,379,286,328,461,337,546,371,454,398,608,597,563,486,476,466,422,587,662,657,625,579,638,562,751,444,632,544,527,527,594,554,559,696,618,606,515,705,670,661,643,673,693,661,690,675,693,611,620,604,629,697,610,649,605,764,621,558,609,817,643,655,746,686,680,672,720,725,642,655,666,661,666,709,769,746,783,748,749,366,364,456,388,391,391,767,514,743,403,485,612,719,765,510,770,736,673,755,680,718,738,706,789,542,733,686,686,688,691,735,691,797,867,823,809,802,750,841,792,757,758,742,610,604,632,611,634,678,634,636,715,671,644,686,706,662,654,672,720,757,701,719,700,694,748,706,762,690,752,769,727,735,737,714,705,763,841,765,750,745,733,756,768,784,729,767,765,779,718,728,753,698,735,762,793,755,748,773,663,628,594,409,521,488,442,441,479,538,448,499,499,470,362,524,363,301,389,389,389,389
A2021209,2021-07-28,233,223,239,74,74,154,165,154,157,156,195,145,155,153,157,127,155,124,132,132,172,132,160,160,160,132,199,124,136,130,167,162,154,171,128,144,153,125,146,140,151,151,148,169,148,221,172,200,190,201,179,196,186,214,213,236,238,257,248,252,229,238,218,256,256,250,206,293,309,320,211,252,299,315,305,269,265,297,279,366,458,351,379,367,341,323,283,339,341,325,286,361,397,388,351,453,438,274,292,388,442,379,391,316,465,328,562,379,454,403,555,523,547,489,479,476,445,593,649,641,589,551,613,561,726,379,620,514,481,481,540,521,539,705,613,612,522,696,665,641,629,648,679,619,634,640,632,611,612,601,625,676,617,642,602,733,576,529,575,745,590,590,670,639,636,630,623,639,601,615,625,622,627,701,740,712,749,713,714,455,436,451,443,445,445,721,530,691,451,510,607,673,705,515,758,722,654,752,710,719,730,708,757,534,686,643,643,637,643,692,669,786,843,794,771,803,740,807,736,730,731,717,657,638,643,638,660,686,620,627,709,672,644,681,698,661,655,682,703,767,679,711,692,697,776,729,795,701,742,752,730,732,732,728,716,744,821,760,758,736,707,762,758,795,797,789,776,796,759,747,746,701,744,734,786,749,776,805,689,744,718,416,515,491,455,454,457,518,470,478,478,484,398,589,283,295,383,383,383,383
A2021225,2021-08-13,237,230,250,72,72,152,162,153,156,155,195,143,152,155,151,123,158,120,129,129,171,129,160,160,160,130,170,120,132,124,160,174,168,182,129,144,153,124,149,138,152,152,149,170,144,216,171,200,189,199,177,196,189,231,215,236,240,257,248,252,222,231,212,247,261,247,205,293,316,319,211,250,296,315,289,266,247,308,285,412,465,286,339,342,346,324,324,343,330,267,260,330,391,359,392,428,415,287,323,430,495,426,344,286,467,349,512,414,519,442,533,520,631,557,534,530,502,601,631,616,574,516,654,575,712,383,639,536,501,501,587,542,526,665,614,576,512,679,661,627,621,514,666,597,631,658,629,603,616,593,629,672,614,644,595,718,556,493,554,722,565,588,706,659,629,644,656,686,583,629,601,599,604,652,811,692,834,691,692,427,405,409,409,411,411,758,521,717,420,494,606,692,733,522,748,712,655,716,708,724,682,678,710,544,684,646,646,627,627,672,649,750,828,749,732,818,724,748,704,729,728,705,655,630,608,621,590,632,597,608,687,631,604,652,656,575,591,657,707,718,633,673,625,617,492,522,587,582,713,643,638,544,544,311,439,583,795,692,633,673,635,757,752,715,787,710,735,734,733,731,733,694,731,729,748,716,614,813,472,668,530,398,429,429,405,405,429,467,454,480,480,455,373,429,323,317,369,369,369,369
A2021241,2021-08-29,243,229,251,76,76,152,164,153,155,154,183,140,149,145,146,127,156,124,125,125,166,125,157,157,157,130,220,123,139,133,172,176,166,174,124,140,150,125,147,139,150,150,147,170,144,211,168,197,187,198,172,192,183,217,209,227,232,248,239,245,216,218,207,240,257,263,211,289,302,309,202,246,285,304,303,274,261,306,313,410,463,356,377,371,368,351,329,336,362,316,295,360,394,390,408,483,466,280,318,388,502,432,318,317,467,360,556,428,531,452,603,589,623,545,532,540,508,615,664,654,572,571,621,582,723,352,666,566,535,535,616,576,559,733,662,655,581,714,686,651,643,685,731,678,678,664,681,647,632,634,629,689,630,660,629,750,615,560,624,780,665,684,742,729,716,722,685,709,694,690,697,690,691,723,729,703,735,704,704,463,392,429,406,408,408,739,519,712,418,491,613,707,741,564,762,740,673,727,729,744,735,718,735,591,713,671,671,657,670,690,685,767,829,790,775,796,749,785,725,705,706,698,711,673,672,702,731,713,629,632,724,684,665,684,699,680,667,671,701,649,669,718,696,693,759,727,776,691,739,746,748,744,744,751,726,775,801,753,764,754,769,793,792,800,809,811,793,808,756,749,784,730,764,747,772,742,774,793,715,642,721,453,527,518,477,476,527,550,528,556,556,534,440,614,289,294,410,410,410,410
A2021257,2021-09-14,258,248,271,74,74,155,167,156,158,154,183,136,146,142,152,119,137,117,125,125,162,125,153,153,153,126,282,122,143,136,177,189,177,179,120,135,149,118,141,131,146,147,144,165,134,200,162,192,182,194,169,184,171,208,201,220,222,236,229,234,205,206,197,231,250,253,210,271,291,293,193,231,268,286,291,270,245,304,299,433,508,362,378,367,354,325,292,353,354,296,300,362,401,397,459,478,469,264,317,444,557,469,302,298,468,411,539,465,557,487,574,505,627,546,533,548,552,626,643,639,600,585,622,594,743,460,677,565,518,518,625,566,579,758,688,676,603,726,704,667,662,707,778,724,685,685,698,670,675,660,639,707,665,678,656,744,578,596,646,792,696,715,717,766,750,758,673,714,727,720,726,718,718,737,732,712,748,713,714,514,477,468,481,483,483,757,574,721,488,550,648,720,749,588,786,763,696,759,762,778,751,737,740,608,718,686,686,673,687,694,704,763,812,794,788,802,758,805,771,721,721,722,760,713,710,747,765,744,685,683,758,722,709,722,721,717,706,714,751,747,723,747,730,716,755,732,774,716,743,753,736,747,747,743,739,757,787,762,791,767,793,801,797,807,825,804,795,810,783,767,806,742,779,728,769,723,791,801,705,627,725,543,580,575,575,574,572,606,598,663,663,601,500,594,323,312,431,431,431,431
A2021273,2021-09-30,273,258,285,84,84,158,174,157,159,155,183,134,144,136,144,119,151,116,130,130,164,130,154,154,154,124,254,128,155,146,199,213,197,192,119,135,152,116,142,132,149,149,147,164,145,199,159,200,191,204,166,184,165,191,199,225,226,246,234,232,204,201,199,229,250,248,198,265,276,282,189,224,259,274,271,257,236,273,273,377,465,356,388,371,348,333,268,343,353,300,307,379,436,422,495,523,513,263,312,428,512,461,302,275,486,463,590,513,576,521,585,583,653,580,567,578,555,587,639,629,634,619,664,612,753,436,724,583,558,558,688,597,633,803,732,706,612,737,709,688,672,762,826,787,738,722,725,693,695,684,675,772,680,657,677,764,576,618,702,832,764,764,759,809,786,799,691,739,778,763,764,760,757,738,765,729,787,729,730,555,502,488,509,511,511,811,614,765,518,586,699,767,806,676,813,803,742,797,790,785,764,752,757,671,814,759,758,735,736,713,739,780,836,832,816,803,773,821,782,754,754,752,785,756,749,786,796,774,743,719,808,766,755,769,734,756,741,715,794,772,752,766,742,720,769,750,782,725,796,785,765,754,754,757,754,768,823,774,793,770,801,749,770,791,788,766,774,782,777,773,775,751,773,761,775,714,766,793,740,641,730,584,648,631,616,616,612,645,647,695,695,649,569,621,337,310,470,470,470,470
A2021289,2021-10-16,283,252,279,72,72,156,172,156,157,154,185,132,141,138,145,116,131,113,126,126,160,126,152,152,152,122,311,130,161,150,212,231,211,200,117,134,152,115,142,130,149,149,146,162,151,197,155,201,194,210,162,180,159,189,198,227,225,250,236,226,201,187,197,229,245,230,178,262,271,276,190,217,253,268,245,234,232,258,222,345,412,347,362,338,314,339,239,352,355,326,322,378,397,405,475,456,440,264,316,380,479,440,333,305,478,464,558,532,576,530,580,554,647,589,577,577,523,528,637,632,671,693,655,609,690,415,720,602,595,595,696,611,613,788,684,647,544,676,635,620,601,747,782,797,713,691,700,629,661,626,670,737,655,589,628,718,702,666,714,813,734,742,814,807,782,798,769,797,767,727,746,731,728,667,743,701,759,701,702,609,556,571,570,572,572,782,642,746,577,622,690,735,774,640,775,770,715,794,777,791,758,751,742,642,797,729,729,706,699,701,713,770,828,802,779,802,771,803,768,746,746,730,816,797,801,815,802,782,769,758,806,775,777,785,810,802,779,771,790,828,803,799,785,782,800,795,803,779,833,813,768,764,763,802,794,780,807,806,786,776,784,764,785,811,815,776,803,801,805,807,810,804,807,805,818,725,780,803,766,679,768,634,711,690,677,677,680,687,704,788,788,707,643,723,375,325,515,515,515,515
A2021305,2021-11-01,265,249,272,71,71,156,162,151,154,152,176,129,139,133,148,117,140,115,129,129,164,129,154,154,154,123,305,128,164,155,225,248,226,211,118,138,157,115,145,132,153,153,151,164,156,203,157,209,202,221,174,185,158,193,204,232,230,261,246,240,202,188,201,235,243,236,179,273,273,282,188,220,257,273,232,223,232,249,226,328,388,335,350,322,309,384,224,368,390,309,321,362,373,382,471,436,417,285,332,363,474,440,323,315,485,484,537,545,577,543,561,551,630,588,579,582,489,489,638,629,700,730,665,611,685,434,709,606,608,608,713,617,635,814,691,625,526,676,605,616,580,777,816,822,751,715,733,609,675,616,665,755,645,567,620,728,807,726,761,853,769,744,850,839,806,826,832,847,795,722,761,737,735,627,767,731,806,731,732,706,652,677,668,669,669,843,719,769,670,705,751,783,824,727,826,807,764,823,838,830,756,760,788,682,824,744,743,714,711,743,744,773,828,813,788,806,782,830,809,785,786,749,898,863,870,863,846,807,846,829,871,860,844,854,845,857,831,821,835,893,882,855,826,831,862,845,840,824,875,857,787,812,811,854,848,824,836,849,848,826,832,788,816,832,833,803,818,823,825,827,829,839,826,840,820,729,804,826,781,706,787,657,758,727,745,745,718,741,756,822,822,754,686,756,403,354,549,549,549,549
A2021321,2021-11-17,301,266,290,79,79,159,178,158,156,154,179,131,143,135,149,119,142,116,129,129,164,129,153,153,153,123,348,132,166,158,232,253,230,214,121,139,155,119,147,134,152,153,150,164,164,204,158,211,206,228,168,186,155,195,202,233,234,271,250,239,202,183,203,241,240,225,169,276,274,279,188,219,254,269,224,211,229,243,207,313,351,327,345,313,293,381,213,346,378,310,332,363,355,376,466,401,382,271,315,350,454,424,313,321,465,483,545,553,577,544,543,535,606,581,578,569,459,450,629,624,698,719,651,580,624,457,707,574,613,613,679,594,607,766,633,560,483,614,539,562,524,722,752,778,690,673,683,552,637,565,626,708,598,521,572,696,745,689,714,816,721,681,821,789,759,777,813,812,748,664,712,682,679,558,746,678,766,677,677,691,636,663,649,651,651,789,689,750,651,679,707,727,774,688,766,761,712,770,777,769,667,688,736,646,804,707,706,675,668,708,690,769,855,828,795,818,781,800,759,760,761,696,824,803,816,807,798,757,831,815,824,804,802,822,828,830,799,789,777,870,837,812,803,809,816,811,818,798,850,819,806,800,800,808,802,791,847,840,864,829,848,798,807,824,837,805,813,818,800,825,831,852,824,838,828,750,793,826,738,708,809,662,796,754,789,789,725,744,773,859,859,774,708,757,458,359,561,561,561,561
A2021337,2021-12-03,280,257,286,77,77,166,168,160,171,156,172,131,140,129,141,127,152,124,143,143,166,143,153,153,153,123,316,134,166,157,235,255,232,217,121,140,157,120,148,136,154,154,151,164,158,200,157,210,204,230,167,183,156,186,200,241,233,267,248,242,203,186,201,241,235,231,170,275,271,280,192,216,250,269,224,224,230,244,204,317,355,307,325,297,288,401,213,366,398,296,328,350,357,364,466,370,352,279,319,348,462,427,290,328,461,495,543,568,586,556,536,545,592,587,589,581,460,451,626,622,687,726,646,581,629,439,699,566,607,607,676,592,601,726,593,525,468,592,511,563,520,706,745,784,675,649,679,524,610,541,613,691,587,519,553,689,717,674,697,794,674,619,829,714,696,703,813,808,684,610,659,630,630,523,739,658,774,657,658,684,639,657,648,649,649,774,671,726,649,671,680,692,742,692,715,708,679,725,724,707,590,626,725,636,788,681,681,655,651,692,659,742,824,780,747,752,721,771,725,721,723,653,777,750,785,727,718,694,822,794,820,783,773,809,826,803,763,781,794,874,831,813,795,795,799,785,800,777,859,825,778,786,786,794,781,768,800,808,864,798,787,741,759,792,793,775,774,787,758,754,774,788,758,783,765,718,759,826,747,671,773,618,767,720,783,782,671,723,752,818,818,748,693,769,452,337,536,536,536,536
A2021353,2021-12-19,323,287,325,75,75,181,188,172,182,168,182,138,148,136,141,119,137,117,162,162,193,162,176,176,176,130,278,130,162,154,224,238,217,207,124,142,159,120,148,136,155,155,152,164,163,208,157,212,205,231,163,187,156,186,200,234,233,274,251,240,206,186,201,249,235,232,175,275,272,279,193,216,251,268,222,210,234,241,218,305,332,305,321,295,285,409,210,354,400,294,320,345,355,361,454,386,366,269,309,335,447,416,295,310,446,499,518,558,567,542,524,525,586,577,574,562,430,425,613,606,699,723,643,556,596,400,680,558,599,599,688,582,587,678,580,517,500,572,493,536,490,696,738,765,672,644,672,515,622,536,594,673,568,495,543,670,709,679,695,799,635,567,814,610,608,601,807,792,621,574,602,585,586,501,719,638,744,636,637,651,614,648,626,628,628,767,648,701,628,651,654,666,719,666,666,652,650,700,645,633,537,576,716,609,777,658,657,632,638,664,631,748,839,747,744,746,694,782,673,692,696,616,632,627,691,580,586,607,799,758,785,714,701,776,784,739,698,757,747,905,835,788,778,774,793,756,800,744,867,825,762,761,761,773,761,751,786,801,836,774,742,725,735,759,834,801,760,781,720,709,737,749,716,783,766,648,751,832,727,702,788,562,742,688,735,733,614,670,701,751,751,702,659,765,414,300,511,511,511,511
A2022001,2022-01-01,344,313,350,74,74,176,212,199,211,185,191,148,156,138,152,126,150,123,166,166,190,166,175,175,175,131,301,128,161,154,237,250,227,214,123,142,159,124,149,138,156,156,153,166,163,207,159,212,205,231,169,187,155,198,201,233,230,269,249,237,203,187,199,242,228,225,169,266,270,273,192,217,248,263,225,208,229,237,207,301,329,299,323,297,283,407,203,362,399,292,319,343,353,358,454,386,363,276,315,338,449,419,317,317,448,512,523,560,566,546,538,544,589,585,580,568,424,430,624,618,710,730,650,554,596,403,666,540,607,607,681,576,593,671,580,521,523,571,490,534,486,702,747,797,675,647,680,516,631,540,592,676,575,498,547,671,696,684,689,797,620,553,821,587,589,576,817,811,606,565,590,573,576,498,741,653,775,652,653,650,627,658,639,640,640,779,660,726,641,665,667,677,731,673,681,661,663,713,627,629,519,570,744,625,780,666,666,643,648,687,640,764,864,794,768,754,708,820,721,717,722,627,551,568,633,511,525,576,792,747,750,666,652,744,763,672,649,729,723,894,820,777,774,757,796,742,795,719,867,828,763,762,762,762,749,768,833,821,836,762,691,783,759,771,824,816,762,789,735,709,735,721,708,803,779,708,742,860,737,736,820,551,739,685,731,730,629,665,709,733,733,706,652,762,425,308,507,507,507,507
A2022017,2022-01-17,306,316,352,89,89,220,209,208,224,200,192,171,184,145,161,130,156,127,164,164,191,164,175,175,175,132,320,134,162,154,242,258,235,219,127,146,163,127,152,142,159,159,156,168,163,209,161,212,205,231,166,188,156,193,201,235,232,270,248,241,202,188,198,242,231,225,172,269,271,274,198,219,248,263,229,211,231,237,197,298,323,283,308,285,278,407,202,361,400,286,318,347,335,355,441,366,346,277,314,340,448,415,298,312,429,498,502,540,546,530,502,507,561,561,561,553,417,426,624,618,691,711,624,536,591,444,679,554,612,612,675,584,592,658,579,524,526,570,492,531,483,695,740,772,666,642,677,515,629,538,576,666,566,489,543,666,694,664,681,797,605,541,813,564,568,552,805,796,589,551,574,560,563,497,736,648,762,647,648,647,632,660,642,643,643,788,660,724,644,668,661,663,717,663,668,648,653,707,622,629,519,569,747,637,771,655,654,634,641,677,633,739,834,777,744,737,690,795,701,712,717,618,525,551,614,487,502,559,791,746,750,650,634,737,762,653,627,732,710,912,827,791,771,748,771,721,758,697,866,821,732,741,741,725,715,730,802,784,844,728,633,757,729,765,823,818,756,785,700,687,708,679,685,815,790,710,754,845,715,702,803,495,692,638,666,665,612,619,663,668,668,663,618,776,445,285,498,498,498,498
A2022033,2022-02-02,353,340,383,82,82,205,228,214,217,209,197,180,187,147,165,118,141,116,168,168,195,168,177,177,177,130,311,136,163,155,235,245,223,213,128,146,163,132,155,144,160,160,157,170,162,209,163,209,203,230,169,188,156,207,203,231,229,266,247,242,202,190,199,247,230,229,172,268,274,274,193,218,248,264,229,214,230,239,205,298,328,287,306,289,278,406,201,368,400,276,308,336,335,345,433,368,348,272,311,343,442,409,287,315,424,488,487,527,535,518,504,503,556,559,557,545,409,416,602,593,689,707,618,527,588,413,676,544,586,586,680,573,576,638,560,508,514,558,479,527,476,681,730,766,653,628,666,500,611,523,569,658,559,478,530,661,687,647,663,777,583,523,793,544,549,531,785,772,564,531,555,539,543,484,724,634,748,633,635,593,585,625,597,599,599,792,628,714,602,635,635,647,701,655,658,630,635,690,604,614,498,550,729,634,761,645,644,622,632,659,617,740,814,756,719,718,669,781,683,696,701,601,487,520,570,455,471,533,749,701,717,609,594,707,736,614,589,697,686,891,808,773,749,713,764,703,751,665,849,800,711,702,702,717,700,725,828,798,842,707,572,683,681,732,764,771,717,747,677,661,674,649,656,809,764,657,723,847,745,722,820,480,670,624,601,600,606,593,624,568,568,632,591,803,447,273,486,486,486,486
A2022049,2022-02-18,315,314,342,76,76,211,221,209,218,202,191,177,182,144,160,120,151,117,174,174,199,174,181,181,181,131,312,133,160,153,230,237,217,209,132,147,163,134,156,148,161,161,158,170,163,220,166,216,208,233,170,189,159,194,203,236,230,270,249,241,205,194,199,246,229,235,178,268,267,274,194,221,249,264,233,213,231,240,204,298,322,298,317,302,288,402,207,358,395,292,322,351,356,362,428,393,369,273,317,338,437,405,301,311,444,473,472,495,495,493,468,475,534,529,531,522,409,421,604,595,689,700,623,526,616,422,690,551,606,606,689,583,595,628,557,502,505,573,484,549,493,675,739,752,663,645,684,501,618,524,567,672,564,497,534,693,623,632,653,792,580,517,790,541,548,528,779,772,556,525,553,536,542,492,722,651,753,651,652,599,585,627,597,599,599,769,625,716,602,630,640,661,711,658,666,641,644,692,600,600,506,551,754,642,762,644,644,628,640,673,628,729,836,768,743,728,674,801,697,705,711,601,492,505,545,435,458,526,737,701,702,594,584,698,726,605,582,690,726,889,805,775,752,712,776,707,776,664,806,795,687,683,683,724,705,699,867,670,645,632,558,680,662,721,703,732,688,714,622,601,681,577,616,772,713,670,689,819,695,689,823,503,667,630,570,569,593,589,603,539,539,617,599,765,476,277,500,500,500,500
A2022065,2022-03-06,338,324,352,76,76,236,230,221,228,223,208,188,203,148,168,122,164,119,199,199,221,199,199,199,199,141,274,133,160,151,226,230,211,205,132,150,165,135,157,148,162,162,159,172,161,217,166,214,206,230,173,188,155,200,203,237,226,264,246,236,202,189,196,246,232,228,172,271,275,277,197,218,249,266,232,209,233,242,212,301,327,289,313,297,284,396,201,362,390,282,309,336,343,346,422,383,362,267,310,336,439,404,283,293,439,462,503,498,498,492,510,491,532,522,525,508,410,416,617,610,690,700,618,516,608,411,684,536,581,581,663,566,568,633,537,482,458,571,480,542,488,683,738,770,657,632,674,482,588,504,567,657,544,473,513,683,671,638,656,785,565,514,798,548,548,531,790,776,552,514,547,528,534,495,732,650,781,650,651,599,587,641,602,604,604,781,630,716,606,636,643,660,711,625,670,645,643,705,611,616,528,567,776,633,764,648,647,626,630,667,626,753,844,795,762,752,692,808,708,709,716,608,533,539,577,468,500,554,747,719,733,638,624,728,769,656,630,723,760,885,818,809,785,749,792,742,792,705,848,818,728,718,718,763,746,742,842,792,832,720,641,740,732,772,831,812,771,786,738,721,739,721,711,786,768,713,747,801,754,750,829,538,685,651,635,634,632,605,634,616,616,646,603,756,420,263,499,499,499,499
A2022081,2022-03-22,331,326,365,114,114,211,215,205,216,210,199,191,203,153,175,139,174,136,184,184,211,184,193,193,193,145,277,135,158,150,222,226,209,200,134,152,166,135,158,149,163,163,160,174,163,223,170,216,207,233,176,191,162,209,206,242,231,264,250,235,203,192,198,249,229,233,179,269,277,277,203,222,251,267,233,212,235,245,192,301,330,290,314,299,285,395,201,362,390,287,311,346,345,355,412,383,361,268,312,340,436,399,327,297,436,446,506,477,473,473,493,497,498,486,498,487,410,412,610,604,680,701,615,512,609,378,683,540,584,584,686,569,564,632,517,456,406,572,475,557,495,691,748,760,662,634,682,464,579,486,568,658,536,471,501,693,644,642,666,807,557,517,806,571,566,552,795,785,557,509,552,528,533,494,727,652,783,651,652,599,584,623,597,599,599,792,635,746,602,637,655,685,739,606,687,674,656,713,633,636,571,590,756,617,786,674,674,651,640,669,631,766,858,817,804,788,736,843,758,727,733,625,566,575,631,523,561,599,763,745,788,695,670,759,795,693,674,752,759,866,844,854,817,778,812,772,830,738,861,838,779,774,773,790,780,788,846,782,782,738,672,763,764,799,856,845,803,815,761,764,758,730,754,805,840,747,794,807,688,735,806,562,689,660,645,644,611,647,654,675,675,662,588,742,422,269,492,492,492,492
A2022097,2022-04-07,336,316,349,82,82,202,205,195,204,195,196,175,186,153,173,140,186,136,167,167,202,167,184,184,184,142,254,132,156,147,220,218,201,197,134,152,164,132,156,147,161,161,158,169,161,219,172,215,207,232,169,190,165,208,208,235,231,266,248,244,203,194,198,248,233,235,180,271,279,280,201,226,253,269,238,217,236,246,213,304,328,309,324,311,293,389,207,360,386,292,316,349,350,358,410,380,360,268,308,347,436,395,312,299,440,427,520,465,475,464,505,499,488,468,482,468,410,399,636,627,704,704,613,489,593,408,654,539,577,577,650,562,540,655,495,440,367,579,480,560,498,703,764,773,673,627,686,446,531,462,541,637,498,446,473,700,683,627,676,808,546,530,810,605,603,593,795,803,578,510,569,533,539,505,735,661,786,660,661,592,569,611,582,584,584,811,635,751,589,633,662,712,764,586,719,703,672,705,629,651,590,606,763,619,783,690,690,670,649,674,642,796,870,813,825,766,745,846,782,733,738,626,574,583,622,530,553,597,750,733,782,701,672,752,800,699,678,748,750,831,811,828,797,773,798,761,818,738,828,814,774,777,778,787,779,753,861,799,830,756,724,766,777,827,831,828,807,820,800,789,791,785,774,840,806,777,789,805,735,730,801,552,672,641,642,641,611,641,650,694,694,655,550,744,403,289,479,479,479,479
A2022113,2022-04-23,289,287,317,79,79,184,189,179,186,180,190,165,172,154,168,137,171,134,152,152,194,152,177,177,177,140,286,128,146,139,211,212,196,196,128,144,155,131,155,146,155,155,153,169,162,236,174,222,212,238,177,201,172,199,208,247,240,271,254,235,212,207,206,253,243,237,183,277,278,284,210,233,262,274,251,231,249,257,232,328,359,322,344,330,317,415,234,395,416,312,328,389,382,401,452,409,390,312,344,411,468,429,333,338,491,465,568,490,491,491,550,544,543,520,517,497,450,455,650,640,670,695,649,567,661,469,652,554,571,571,627,567,601,690,537,474,375,631,529,604,544,732,780,787,717,682,702,487,589,506,643,699,597,509,531,741,683,596,673,830,572,551,791,609,601,593,800,774,579,517,572,549,554,542,740,681,782,681,682,451,416,564,452,455,455,793,553,751,468,535,619,695,750,553,698,686,647,729,634,654,690,662,767,589,778,680,679,660,642,688,644,780,854,801,781,787,733,820,736,748,751,712,570,609,616,554,560,637,659,671,770,702,663,757,782,708,681,740,772,723,768,802,777,765,800,761,820,744,798,784,763,751,751,792,748,655,859,795,827,744,705,737,754,802,847,828,800,813,787,776,776,777,763,800,818,807,791,818,725,685,516,543,553,561,551,549,599,626,613,663,663,606,504,690,381,296,461,461,461,461
A2022129,2022-05-09,275,269,295,82,82,176,185,173,178,173,188,156,164,153,164,131,164,128,146,146,189,146,172,172,172,136,258,132,148,141,204,196,182,184,134,150,158,130,151,143,156,155,152,165,155,220,170,208,199,223,168,192,174,201,206,239,231,257,244,239,204,195,197,242,234,229,181,260,267,269,201,219,243,258,241,210,230,241,205,305,372,287,316,303,292,361,216,344,366,303,293,347,367,366,406,383,366,285,319,422,443,396,277,277,483,406,563,439,475,451,570,572,557,505,497,486,458,526,651,641,660,656,642,491,664,359,668,560,544,544,656,573,577,678,546,506,414,642,550,619,572,711,760,756,690,665,685,508,672,506,647,693,635,543,532,739,632,599,651,820,581,582,787,622,616,608,725,753,594,563,596,581,586,581,751,714,778,716,717,518,485,480,486,487,487,781,573,744,494,555,633,713,756,575,713,699,666,748,651,669,645,649,773,603,771,682,681,671,664,681,661,755,853,806,792,782,745,815,738,734,738,664,565,599,619,566,575,627,647,659,741,683,651,713,734,685,668,711,713,787,721,747,724,715,777,731,797,713,747,761,774,749,749,771,750,785,864,760,761,728,683,738,747,797,812,817,782,802,758,765,757,757,749,767,777,758,775,813,648,675,757,495,546,552,518,515,557,578,582,645,645,581,460,685,318,297,432,432,432,432
A2022145,2022-05-25,259,257,283,82,82,172,179,168,174,168,184,153,161,152,160,130,168,127,147,147,186,147,170,170,170,135,246,132,149,141,196,189,177,181,135,142,147,135,157,154,152,151,149,164,161,236,161,193,190,218,161,195,174,159,196,225,224,263,242,228,203,193,199,244,243,246,194,266,278,268,183,204,229,257,295,252,214,236,198,298,390,283,309,282,286,324,203,345,344,310,281,353,369,381,370,351,345,284,307,488,441,381,335,333,501,350,617,410,483,432,605,568,576,519,515,512,451,552,673,666,644,646,653,571,707,453,681,589,578,578,607,596,569,678,566,540,430,674,596,667,621,721,748,710,692,673,705,541,596,541,615,700,578,565,551,773,627,548,625,811,600,604,753,624,619,610,712,744,594,588,606,603,608,624,745,723,780,724,725,499,474,475,478,480,480,773,568,752,488,549,630,706,751,545,721,698,658,742,656,685,650,650,765,570,755,688,688,676,665,701,659,781,833,797,784,772,739,782,752,723,725,678,591,606,617,555,569,620,653,661,744,691,654,718,722,683,665,725,717,733,702,734,713,707,777,730,789,716,730,735,771,741,741,723,691,765,856,754,708,720,698,747,747,781,779,777,765,781,734,744,754,731,740,770,733,769,777,811,700,287,596,384,243,325,269,272,525,461,457,597,597,431,343,600,315,285,371,371,371,371
A2022161,2022-06-10,235,233,254,84,84,157,171,160,165,160,190,148,156,150,162,131,164,128,134,134,173,134,160,160,160,132,191,117,132,125,173,177,167,174,124,138,144,117,144,133,144,144,143,165,143,203,159,193,186,205,135,185,174,146,190,224,227,251,238,241,212,204,205,237,237,233,195,263,272,280,194,227,255,271,255,196,236,249,249,322,466,300,325,303,284,305,227,320,327,327,253,367,360,377,382,345,343,276,302,512,425,373,212,261,475,374,660,410,480,434,587,535,568,498,494,494,474,540,598,594,612,528,597,545,719,362,569,536,497,497,515,525,527,616,555,547,485,652,579,661,612,534,557,443,533,576,578,533,567,529,587,661,565,609,544,764,548,458,503,772,554,578,615,568,562,554,595,565,534,571,573,578,587,633,757,718,791,719,720,201,265,506,316,320,320,638,434,752,334,402,554,691,685,521,704,655,635,689,615,655,686,656,745,509,680,621,622,643,668,715,660,759,808,789,758,746,721,747,716,722,726,681,549,577,597,554,555,613,590,603,697,647,615,667,671,634,625,658,669,657,659,667,659,653,723,674,738,661,717,695,716,700,701,699,699,725,857,689,642,663,658,704,701,708,723,752,726,737,721,713,711,708,705,759,731,723,701,743,631,561,618,402,413,429,541,539,520,573,512,560,560,494,376,347,357,395,354,354,354,354
A2022193,2022-07-12,218,222,241,74,74,151,164,153,155,153,184,142,148,143,154,124,153,121,125,125,165,125,152,152,152,127,176,107,123,114,166,178,170,183,111,100,115,70,107,95,113,113,112,152,119,169,119,161,155,185,-12,145,-34,136,62,83,161,220,174,203,207,209,201,232,-33,41,4,165,301,241,167,216,256,247,81,71,264,287,187,359,606,59,43,107,201,296,216,378,331,18,83,148,348,264,456,271,291,351,371,582,532,458,40,-26,475,435,602,478,551,495,617,553,612,556,553,564,555,614,607,595,187,402,619,584,704,-20,559,228,214,214,543,334,517,656,556,544,452,679,612,683,647,629,681,386,626,634,640,559,614,560,628,671,610,614,570,770,341,279,493,766,579,581,624,601,604,597,445,530,565,559,589,584,586,665,734,719,759,721,722,29,12,7,16,20,20,740,266,739,42,200,491,698,733,534,703,684,610,714,641,657,434,556,736,548,689,640,640,641,629,672,618,737,820,779,777,767,731,774,720,694,703,559,565,582,618,513,559,565,579,573,678,649,614,657,690,641,626,667,704,273,528,565,572,637,738,698,749,672,533,668,563,633,632,675,676,640,836,677,622,628,607,626,646,698,638,739,693,720,660,645,673,641,636,613,530,672,662,748,249,20,388,3,74,87,1,2,61,91,38,9,9,54,68,472,320,228,235,235,235,235
A2022209,2022-07-28,234,225,247,68,68,153,160,151,156,151,183,137,144,144,147,120,147,118,122,122,160,122,148,148,148,123,199,121,132,127,168,166,156,165,120,132,143,102,136,122,141,141,140,177,142,192,139,183,177,203,105,195,157,210,165,214,233,259,236,245,264,298,270,318,115,234,193,263,359,316,185,247,309,319,184,109,343,385,309,450,694,326,325,313,301,313,269,442,352,273,227,327,384,377,474,404,392,480,446,613,586,499,315,97,494,422,619,451,542,480,593,540,592,534,537,557,572,623,635,628,584,573,619,574,696,406,653,529,514,514,537,536,520,654,601,575,497,694,635,665,634,654,690,642,636,628,638,578,605,570,611,659,601,611,576,759,659,504,580,782,615,615,712,632,631,623,668,716,612,609,623,620,625,674,711,714,756,716,717,276,186,33,168,172,172,751,371,743,185,316,543,710,761,513,716,697,628,715,644,682,490,593,764,534,707,657,657,652,655,672,638,770,851,784,789,774,742,774,756,703,704,614,627,620,634,606,611,625,610,612,715,684,653,682,722,665,647,685,737,546,630,677,662,663,719,678,656,674,677,666,471,482,483,625,595,148,741,736,701,644,536,700,661,711,695,680,605,658,715,619,494,557,564,461,739,613,702,794,528,124,546,297,240,279,26,26,308,340,265,413,413,282,204,550,265,265,298,298,298,298
A2022225,2022-08-13,227,223,242,65,65,146,161,150,155,151,184,135,142,137,146,118,146,116,119,119,156,119,145,145,145,123,176,121,128,123,160,162,154,161,123,137,153,115,145,132,151,152,151,198,146,208,157,193,185,216,132,224,223,274,243,276,303,318,301,269,332,411,348,408,241,278,237,338,457,410,217,326,418,419,306,236,436,486,372,551,732,329,347,333,337,378,344,533,415,289,229,327,387,382,532,415,405,620,542,641,635,560,331,135,520,478,622,497,581,522,602,570,617,567,564,582,600,640,620,612,603,556,624,594,687,312,616,532,473,473,549,531,553,645,592,581,520,679,641,659,634,657,679,626,642,635,629,590,627,588,637,673,628,632,596,732,568,516,567,714,596,616,692,631,630,628,646,696,611,609,618,617,620,669,692,679,731,680,681,193,68,40,86,91,91,723,311,708,113,254,505,682,724,523,705,686,609,698,653,676,684,664,724,555,696,642,642,635,640,656,635,736,811,774,774,764,732,779,708,705,706,674,621,614,624,615,626,650,609,604,718,672,639,693,689,661,649,675,689,553,631,684,658,667,738,693,753,677,671,716,726,720,720,723,708,742,808,720,727,703,679,722,728,751,765,755,742,756,709,706,719,682,711,729,746,674,717,770,622,323,580,324,349,353,241,243,375,403,340,427,427,350,263,477,247,226,313,313,313,313
A2022241,2022-08-29,236,221,245,72,72,151,161,149,152,148,181,135,141,138,143,120,144,117,117,117,154,117,144,144,144,122,202,122,131,126,161,164,156,164,135,149,167,119,155,141,164,164,164,213,155,227,176,207,198,229,165,258,251,308,274,314,339,362,340,302,383,450,402,456,269,311,271,379,488,451,256,357,459,462,357,298,446,520,397,590,776,328,352,357,362,392,366,542,428,321,280,351,406,400,538,446,433,607,541,646,665,578,327,272,521,478,622,489,600,529,588,551,614,555,560,593,627,669,605,599,601,560,602,588,695,359,612,527,482,482,578,528,538,661,609,603,545,677,642,640,614,669,710,669,638,626,649,595,610,587,613,642,605,630,589,742,579,517,595,753,620,646,708,675,666,670,654,681,658,637,651,644,645,670,711,674,714,676,677,391,281,202,290,294,294,707,440,701,309,402,562,673,708,513,699,691,626,692,669,690,695,672,716,559,712,646,646,636,639,652,641,722,799,769,757,756,722,769,715,702,702,676,661,644,633,654,666,671,633,635,720,688,664,700,707,684,669,682,712,537,650,707,688,686,741,706,757,689,725,725,741,725,725,724,715,749,823,736,736,708,723,707,736,755,761,718,738,746,711,711,760,685,724,745,746,656,727,755,596,635,599,373,414,396,357,357,347,462,422,547,547,422,281,547,268,262,338,338,338,338
A2022257,2022-09-14,239,225,249,73,73,147,157,147,151,146,185,130,137,136,139,117,142,115,115,115,154,115,144,144,144,122,201,131,143,136,176,181,170,172,139,157,174,119,160,143,169,170,170,209,163,232,173,211,204,232,196,260,249,312,280,339,353,367,346,331,371,438,382,436,284,314,274,377,457,430,267,362,435,439,357,317,418,488,410,547,735,312,344,347,349,373,365,500,412,315,284,343,387,386,530,445,436,475,462,598,595,527,307,269,492,472,596,498,577,519,590,551,612,544,543,565,589,634,619,611,598,597,645,586,695,377,634,551,502,502,668,557,559,742,649,643,591,687,662,657,642,720,750,746,682,671,663,633,634,625,631,679,619,618,620,753,560,572,657,774,671,694,747,734,717,727,679,743,714,683,693,686,683,669,702,674,721,676,676,491,421,431,433,436,436,726,537,706,445,510,617,690,724,554,710,720,656,721,707,727,714,699,732,628,754,679,678,659,653,668,664,734,823,774,760,773,741,784,720,717,717,697,712,688,674,711,728,711,657,662,758,728,702,735,743,732,711,713,725,651,692,730,712,709,761,738,770,721,750,736,714,721,721,738,736,734,797,761,758,728,724,763,769,779,762,772,767,777,751,738,771,726,750,734,779,679,740,788,692,579,694,471,531,517,496,494,502,554,531,627,627,536,388,555,295,290,388,388,388,388
A2022273,2022-09-30,236,225,246,90,90,147,161,152,156,154,189,138,146,136,143,118,139,116,113,113,148,113,141,141,141,121,214,131,149,142,185,194,180,177,144,164,182,124,167,150,177,179,178,209,169,241,181,220,214,239,211,255,246,296,276,338,338,359,336,340,336,355,329,374,304,321,270,385,425,421,276,359,404,421,377,321,369,428,379,498,726,331,369,370,365,377,377,466,413,333,309,369,412,406,515,449,438,399,406,548,583,506,411,424,549,497,620,550,599,555,641,587,694,635,620,617,574,617,681,672,666,664,683,627,702,400,685,607,565,565,700,610,622,785,702,673,605,708,685,672,651,758,799,770,735,717,728,667,706,666,695,745,684,661,666,732,574,638,691,808,724,736,785,782,765,776,721,778,762,736,744,732,730,706,721,713,751,714,715,571,512,537,527,529,529,762,610,745,536,588,677,735,766,649,746,760,705,751,744,739,779,748,751,686,773,713,713,696,697,700,708,759,852,838,831,830,799,838,806,797,797,771,801,774,759,792,788,783,714,703,804,791,767,751,743,761,758,709,772,800,720,739,719,715,752,734,787,730,792,763,761,701,700,742,739,814,803,748,759,754,795,572,709,774,527,727,748,747,721,703,773,672,731,740,768,618,733,762,663,615,485,500,474,480,581,580,478,609,580,643,643,555,486,567,309,306,443,443,443,443
A2022289,2022-10-16,230,217,239,67,67,146,154,143,146,142,172,126,133,130,138,113,138,111,114,114,149,114,140,140,140,119,256,126,149,140,196,214,199,190,140,162,177,121,157,142,170,171,170,192,165,221,168,206,202,227,219,225,215,268,251,294,292,316,298,310,284,285,272,308,288,291,237,338,348,352,247,292,325,345,311,291,291,324,286,386,599,326,350,337,324,365,284,394,382,323,322,367,372,386,477,425,411,317,343,431,489,445,297,305,451,462,559,506,541,508,545,529,617,568,553,553,482,507,617,608,653,707,645,577,640,339,642,557,562,562,678,575,591,761,656,606,499,679,599,608,574,724,751,769,691,671,691,587,640,589,634,695,608,547,590,709,565,639,690,771,701,699,819,772,746,764,796,830,730,683,712,694,694,633,711,690,748,691,692,627,574,588,587,589,589,773,649,760,592,631,694,733,775,639,720,744,700,773,744,737,723,724,753,675,774,701,701,684,674,693,697,759,831,806,787,797,779,804,804,750,750,718,763,757,777,781,780,760,774,772,829,801,786,806,823,812,790,796,837,799,779,816,785,789,799,801,808,789,839,810,567,730,730,800,795,785,346,797,812,769,600,707,739,810,800,677,639,725,492,468,672,401,562,545,480,422,602,782,732,624,729,591,677,654,691,690,627,677,686,723,723,684,600,650,358,342,496,496,496,496
A2022305,2022-11-01,243,233,254,80,80,149,165,150,153,149,182,130,137,138,148,118,138,115,124,124,154,124,146,146,146,122,309,144,169,162,225,247,225,213,153,173,192,126,165,147,183,184,182,203,176,223,173,214,210,239,214,222,207,258,249,266,282,325,299,297,271,290,269,313,290,254,204,334,350,347,240,286,314,339,291,266,284,317,269,378,570,308,333,313,312,372,276,402,388,340,339,384,379,394,478,414,397,310,339,433,492,448,274,318,449,476,514,527,560,526,544,546,622,589,575,570,474,503,628,623,692,709,653,587,648,397,683,578,585,585,713,596,616,769,646,596,499,647,583,616,576,726,751,773,693,681,705,584,652,592,627,703,606,553,594,734,709,669,702,783,734,729,799,788,767,782,770,789,766,712,735,709,706,607,730,702,782,702,703,666,621,623,631,632,632,779,683,775,633,667,718,746,775,709,759,775,726,793,789,780,712,723,763,710,792,713,713,693,691,727,711,760,836,802,778,798,774,809,736,767,768,724,817,800,817,804,787,763,818,814,822,807,804,801,817,810,796,775,835,859,823,806,786,782,814,808,820,783,830,799,740,763,763,779,788,783,794,781,805,763,772,751,766,789,796,763,770,773,804,792,788,769,783,802,823,659,738,780,724,628,742,604,701,674,699,698,639,688,702,753,753,702,630,688,446,377,523,523,523,523
A2022321,2022-11-17,275,247,269,68,68,163,168,155,159,153,176,132,139,140,145,117,138,115,133,133,164,133,153,153,153,125,323,146,173,166,236,260,236,218,150,175,189,138,174,158,184,185,183,202,187,237,179,229,224,254,220,231,215,271,264,305,309,328,314,309,281,288,273,309,304,295,231,353,347,355,260,294,317,342,297,276,284,302,278,364,490,335,349,330,322,412,277,406,419,338,348,382,371,392,495,426,405,319,350,421,495,455,333,328,462,509,554,561,578,552,555,559,624,593,584,576,469,482,649,640,703,727,673,593,651,439,674,578,599,599,709,599,623,789,667,594,517,634,560,603,559,742,767,787,711,693,713,578,668,592,636,713,612,540,595,724,665,678,728,823,737,707,815,803,779,794,784,809,775,698,738,707,704,569,753,704,784,703,704,664,623,604,628,629,629,786,681,780,630,664,720,753,787,693,766,779,730,789,791,785,699,718,756,697,828,729,729,701,696,720,712,757,829,791,762,792,768,804,766,761,761,720,848,827,841,829,821,782,832,828,866,847,835,846,855,850,830,822,854,870,840,823,816,825,834,835,838,823,855,832,798,811,811,820,821,809,831,822,850,813,821,838,825,833,863,838,822,833,823,826,833,853,823,832,851,729,797,819,763,672,781,671,774,742,789,788,709,744,780,855,855,774,686,768,456,352,542,542,542,542
A2022337,2022-12-03,222,238,256,84,84,171,176,164,175,164,181,135,145,132,134,110,133,108,136,136,165,136,155,155,155,122,278,144,170,163,238,262,238,221,146,171,187,139,173,158,183,183,181,199,184,239,176,228,223,255,216,228,205,263,257,298,300,323,307,317,273,273,265,306,305,283,227,350,343,352,256,289,309,337,278,255,272,286,242,344,457,312,324,313,305,407,265,385,412,320,342,372,344,374,478,386,367,310,340,413,472,438,308,325,447,506,514,566,567,548,535,540,599,579,574,562,447,458,620,613,687,701,656,576,623,435,683,556,594,594,696,583,607,732,617,546,503,605,523,582,531,719,735,778,690,672,698,541,638,559,607,690,583,518,565,707,649,661,697,797,682,636,800,730,712,721,780,797,709,638,680,648,647,530,732,675,770,674,675,676,630,622,634,635,635,761,670,755,635,661,696,713,755,711,717,726,696,736,734,719,603,641,740,662,799,694,693,670,669,702,675,757,823,765,738,762,732,789,738,729,730,671,784,765,787,735,738,709,816,800,833,798,788,812,831,810,785,794,829,864,839,820,811,804,806,795,812,789,858,827,789,800,801,801,791,800,818,802,849,812,805,847,830,853,876,833,812,835,799,778,827,812,783,818,802,695,780,828,781,708,792,678,787,755,802,802,724,755,783,843,843,780,697,780,439,346,540,540,540,540
A2022353,2022-12-19,292,284,311,79,79,185,188,174,181,169,181,137,145,143,151,118,140,116,146,146,178,146,163,163,163,128,273,147,174,166,245,262,237,220,146,171,186,140,172,157,181,182,180,197,184,241,177,230,223,254,219,227,206,264,256,289,296,325,307,311,273,274,263,301,309,292,229,350,334,345,259,286,306,331,279,256,268,279,240,337,430,321,335,315,309,421,261,391,421,310,345,364,348,370,476,381,362,311,337,390,470,437,314,333,439,514,504,566,560,549,534,529,594,582,576,566,445,457,621,617,688,701,650,571,626,432,677,541,594,594,695,574,598,686,601,537,518,601,515,584,529,710,754,764,688,663,695,534,635,554,598,679,579,516,560,708,682,665,690,805,647,582,795,607,606,598,780,793,626,601,614,599,601,521,733,672,772,671,672,674,630,639,635,636,636,769,666,755,636,662,685,696,741,697,684,684,678,720,663,648,554,600,751,630,782,673,672,654,660,699,658,769,850,840,774,791,753,832,758,718,721,649,624,647,703,579,597,618,797,779,821,759,731,787,796,759,727,761,783,875,846,794,795,776,794,775,790,755,857,826,788,782,783,778,760,724,849,792,843,795,765,808,773,783,846,818,792,803,826,792,785,813,774,833,813,693,763,865,721,689,804,648,778,737,818,818,682,745,771,838,838,765,701,777,402,313,527,527,527,527
A2023017,2023-01-17,247,286,295,94,94,183,215,192,201,175,179,135,145,140,144,117,133,114,167,167,187,167,171,171,171,128,339,142,174,163,245,257,233,213,148,173,188,144,174,160,184,184,182,195,181,243,175,229,223,256,205,226,209,261,259,282,292,322,307,311,274,264,263,299,293,300,234,347,332,343,263,287,306,329,287,256,271,277,248,331,390,318,328,305,302,420,261,389,420,304,326,364,343,369,467,369,351,309,336,392,470,436,313,329,436,514,495,560,547,542,518,522,582,578,572,564,438,448,610,602,681,686,633,553,621,409,665,536,585,585,684,566,587,651,581,526,536,588,501,580,523,693,745,759,675,650,684,523,623,544,583,669,574,495,550,707,709,649,671,796,607,541,793,554,561,545,777,776,581,555,574,562,567,507,720,663,771,662,663,605,587,632,596,597,597,750,626,732,599,627,650,666,714,664,664,651,651,703,599,600,511,559,747,587,772,651,651,634,643,679,631,731,822,739,694,716,663,779,685,697,702,613,495,524,574,459,470,536,709,674,691,604,587,680,704,604,585,661,698,879,781,716,713,694,749,684,744,653,841,786,716,701,701,714,699,682,812,718,794,679,616,696,676,720,805,776,719,740,678,667,670,667,660,766,743,648,714,825,729,714,810,596,743,702,718,717,631,683,724,706,706,723,670,802,445,294,528,528,528,528
A2023033,2023-02-02,327,339,371,83,83,212,205,200,213,200,197,161,181,164,166,130,163,126,184,184,216,184,198,198,198,141,288,144,167,160,236,247,225,212,150,174,188,150,178,165,185,185,183,195,181,246,177,227,221,251,209,224,207,259,257,286,284,314,301,315,270,250,257,298,284,292,230,338,326,333,256,278,300,321,274,244,265,268,242,314,404,298,321,308,299,399,261,361,398,295,312,351,328,355,427,367,348,282,310,377,438,405,292,314,425,468,481,519,509,504,493,491,534,532,529,524,407,419,597,592,663,677,612,520,590,394,643,513,568,568,671,548,560,605,534,488,495,546,479,561,506,662,715,757,637,609,647,489,585,509,549,636,543,469,516,684,617,632,641,789,576,506,769,519,523,509,756,745,545,516,531,523,526,481,511,613,784,611,612,567,552,604,562,563,563,725,591,697,566,594,613,614,664,617,608,599,606,614,536,510,480,517,738,544,723,608,608,587,594,678,588,722,819,738,679,696,644,783,673,676,682,573,445,473,513,412,428,486,668,625,660,561,540,642,675,556,539,619,693,861,756,691,683,649,736,660,733,613,835,766,690,671,671,683,670,649,810,701,776,655,568,651,644,705,811,762,697,725,648,638,631,630,630,757,734,644,698,829,726,727,816,558,724,678,670,670,602,634,679,679,679,684,646,791,458,290,515,515,515,515
A2023049,2023-02-18,333,305,337,80,80,189,200,198,213,206,202,178,192,166,168,130,160,127,187,187,219,187,198,198,198,143,278,148,167,160,235,243,223,215,149,174,188,146,176,162,184,185,182,196,187,243,176,226,221,245,203,223,204,260,255,292,288,314,301,314,267,250,251,293,285,288,227,335,318,331,261,286,303,319,269,250,261,268,248,319,390,300,310,300,290,397,257,380,403,296,312,356,345,364,442,380,359,295,326,384,453,419,298,320,435,484,490,513,506,505,508,506,541,539,537,528,418,423,612,605,670,677,617,520,609,429,668,531,576,576,666,559,564,613,543,485,490,549,478,574,513,642,711,740,638,616,664,490,587,510,555,644,545,470,518,698,630,635,650,778,570,504,768,533,533,520,746,742,544,520,534,523,525,467,512,608,745,606,607,546,546,612,559,560,560,743,599,720,564,599,625,638,687,639,629,600,620,643,567,534,485,523,698,583,746,630,629,605,613,644,585,725,822,730,676,701,641,768,666,680,687,571,448,476,521,420,435,490,679,633,652,560,543,646,671,554,539,622,698,859,753,726,691,655,742,663,743,615,841,777,701,679,680,683,670,673,823,737,822,680,582,677,680,748,806,788,733,758,677,677,677,678,665,770,717,633,717,799,724,712,814,536,687,638,641,642,577,595,634,625,625,641,632,785,434,263,509,509,509,509
A2023065,2023-03-06,348,313,342,92,92,209,206,201,211,218,206,202,221,151,170,136,170,133,186,186,214,186,194,194,194,142,305,144,167,159,231,236,217,209,153,176,191,151,181,168,188,188,186,199,189,253,181,234,228,256,209,229,212,265,265,291,289,322,309,322,277,258,260,302,283,291,230,340,326,339,265,291,309,326,273,253,268,273,240,323,390,298,317,302,297,398,257,387,405,295,315,357,331,360,432,380,356,293,326,392,453,416,302,297,425,471,482,497,494,492,508,508,524,519,519,508,414,422,595,588,658,667,605,516,623,403,637,530,567,567,652,552,557,607,520,464,440,555,483,577,517,645,701,705,645,622,659,476,576,494,552,642,533,467,504,694,661,611,632,776,555,496,747,540,536,524,719,715,530,500,526,513,516,472,497,615,747,613,614,532,529,589,541,542,542,726,579,690,546,579,605,624,668,600,625,587,605,628,562,517,491,521,688,556,738,624,624,603,598,628,575,717,822,737,681,709,647,767,677,675,681,568,431,456,495,405,429,487,657,616,618,534,524,625,670,545,528,610,694,847,778,774,740,676,731,660,745,619,807,799,402,566,566,678,664,465,144,730,773,625,423,386,301,270,488,355,340,303,735,694,260,664,463,835,739,615,555,782,706,737,814,535,698,655,672,671,626,634,658,674,674,664,632,732,439,291,520,520,520,520
A2023081,2023-03-22,306,316,338,79,79,207,216,214,225,235,222,218,233,173,203,143,166,140,188,188,232,188,210,210,210,153,284,144,166,157,228,232,214,206,150,174,189,151,180,167,186,187,185,200,186,250,180,233,227,255,209,230,206,262,256,291,287,318,303,328,280,257,260,300,281,295,232,338,326,339,267,293,312,327,276,243,267,273,230,322,392,290,313,306,297,388,253,379,398,295,314,357,340,361,420,380,357,287,320,391,443,406,298,314,429,456,489,473,469,473,506,492,502,489,493,483,410,406,597,589,657,658,597,500,613,426,657,534,556,556,648,553,546,616,506,446,402,554,479,575,515,659,712,721,653,621,654,465,565,483,543,639,514,452,492,698,656,622,643,779,547,499,741,541,541,527,720,718,536,501,530,511,514,473,523,626,761,625,626,540,539,597,550,551,551,746,591,716,555,590,619,648,696,587,640,602,618,650,585,542,505,534,702,562,751,636,636,617,613,645,587,739,833,751,690,729,664,786,694,693,700,583,493,498,556,455,485,522,694,653,702,616,591,702,731,629,599,675,761,868,800,790,755,724,785,727,795,680,839,793,729,748,748,769,760,787,838,779,814,741,674,767,769,817,845,845,795,820,747,745,766,738,733,801,782,732,761,823,733,727,822,507,706,647,588,589,592,616,618,622,622,632,571,725,390,289,490,490,490,490
A2023129,2023-05-09,252,251,269,71,71,175,197,186,193,194,202,183,196,167,178,136,160,133,156,156,199,156,183,183,183,146,267,135,152,145,201,195,183,190,142,161,169,136,165,152,168,168,166,189,169,245,168,214,206,230,176,227,222,238,259,281,290,313,302,306,275,269,260,295,268,280,228,317,313,323,253,281,299,312,289,241,266,266,240,315,396,268,295,299,294,340,264,351,361,314,266,336,350,350,433,366,348,293,313,390,447,408,229,302,460,422,548,468,481,468,551,539,518,480,476,465,520,457,634,625,630,618,620,513,686,406,656,560,534,534,637,566,546,651,523,469,372,611,524,665,604,685,743,698,667,628,673,474,550,484,571,643,535,499,500,759,610,587,642,786,551,540,733,608,597,592,702,709,569,548,571,554,555,518,581,687,820,687,688,480,482,516,490,492,492,766,574,749,500,558,627,696,738,554,685,642,649,713,636,594,588,605,748,613,761,674,674,657,652,708,633,780,875,763,721,797,719,831,766,743,749,648,505,533,583,498,507,569,661,649,733,656,623,729,752,685,651,718,798,770,750,781,764,728,796,741,791,719,761,779,789,767,767,734,707,764,857,797,761,756,746,797,800,792,757,829,780,790,779,775,796,746,763,787,812,740,787,888,469,656,551,451,275,359,532,530,455,534,527,531,531,477,515,545,355,301,445,445,445,445
A2023145,2023-05-25,278,272,294,74,74,166,188,177,182,185,211,180,189,168,183,133,153,130,153,153,194,153,176,176,176,142,250,137,151,144,200,192,179,186,140,156,163,130,158,149,161,161,159,178,158,236,166,204,197,218,178,216,212,232,233,265,271,289,278,305,271,261,255,284,277,279,234,319,311,323,240,291,303,314,310,229,270,260,261,311,424,306,362,310,289,320,281,324,341,394,360,448,421,452,444,483,472,275,296,393,490,423,212,348,567,496,547,529,563,529,562,467,601,558,555,543,513,531,629,612,449,521,507,587,725,369,550,554,517,517,512,531,505,673,594,553,479,659,596,699,651,689,751,652,690,689,684,557,443,547,635,576,403,541,516,775,598,561,617,813,598,589,730,610,612,603,661,671,582,595,600,597,598,588,620,696,781,697,697,448,429,476,434,434,434,732,529,743,442,506,609,705,731,540,653,622,645,681,607,609,670,645,720,598,721,661,661,656,664,699,639,760,829,757,736,780,724,778,714,707,711,652,544,542,564,492,503,566,620,614,721,639,604,697,709,669,634,711,744,737,710,751,723,725,777,730,774,712,741,739,737,740,741,609,623,706,804,758,756,719,697,764,752,781,811,787,762,776,745,731,746,702,731,645,743,686,744,867,492,222,362,238,221,234,330,329,396,482,374,594,594,341,339,337,378,297,348,348,348,348
A2023161,2023-06-10,260,251,271,83,83,155,177,169,176,176,209,170,180,163,174,130,145,128,145,145,183,145,168,168,168,139,263,131,142,137,178,168,157,166,145,158,165,115,147,135,158,157,155,176,147,235,161,201,191,209,194,210,223,217,240,275,283,291,284,310,270,265,253,278,271,263,229,297,297,303,253,300,304,299,278,262,252,252,259,299,382,300,304,291,284,307,258,319,332,347,246,322,368,354,456,335,330,281,306,409,495,436,251,290,541,442,627,501,542,504,587,535,588,540,530,520,562,562,674,660,651,591,647,566,716,341,653,581,522,522,622,574,568,672,583,544,455,650,589,685,641,668,714,604,662,685,666,543,591,548,616,694,595,571,560,762,615,559,594,787,593,591,702,604,600,591,659,680,576,591,592,593,595,591,566,702,832,703,703,408,424,480,438,440,440,722,529,719,451,508,602,691,716,517,690,643,639,738,624,683,653,651,702,554,709,657,657,649,646,684,635,748,811,762,705,757,709,764,739,710,711,664,625,606,594,554,572,608,641,621,708,671,628,695,705,653,640,696,739,608,634,745,704,705,764,714,760,695,766,745,679,680,680,750,724,664,795,769,777,736,706,708,732,789,737,806,782,781,760,742,742,706,749,749,763,730,765,789,601,664,697,406,400,432,581,580,577,511,504,540,540,490,293,340,371,327,330,330,330,330
A2023177,2023-06-26,222,228,245,76,76,150,170,161,169,167,204,162,171,163,163,124,143,121,134,134,174,134,162,162,162,133,250,128,138,132,173,168,160,170,142,155,157,123,152,140,155,155,154,173,158,243,159,201,194,216,179,221,219,228,230,264,276,290,278,307,267,257,254,280,282,275,235,299,294,309,258,296,304,304,290,228,270,277,260,345,508,316,353,331,324,331,304,367,359,338,247,317,363,345,509,350,344,340,354,453,553,481,288,327,529,500,594,524,577,530,627,570,606,548,539,546,625,645,702,684,662,625,680,565,753,410,691,548,492,492,481,541,525,624,555,539,489,684,640,731,678,604,613,492,640,638,679,570,513,557,644,692,606,538,563,799,489,395,446,754,600,605,606,625,622,615,628,650,588,618,603,596,595,623,549,567,582,567,568,400,380,319,372,374,374,603,444,636,378,425,523,673,698,480,623,590,582,641,631,610,639,615,665,540,695,665,664,656,655,681,591,728,721,657,614,682,662,723,724,615,624,568,520,510,617,533,562,567,657,648,737,673,640,725,725,681,657,703,741,571,678,732,709,709,718,693,708,696,748,738,515,624,625,704,697,579,690,762,758,706,530,691,722,791,818,808,731,775,476,647,684,611,667,631,474,731,761,622,401,197,426,75,78,113,70,69,48,119,100,284,284,110,63,382,571,190,213,213,213,213
A2023193,2023-07-12,227,222,240,79,79,148,167,157,161,163,186,156,165,155,159,124,139,122,129,129,170,129,159,159,159,133,223,119,128,123,161,156,148,158,132,146,154,119,144,134,150,150,148,175,147,217,164,193,184,196,165,202,203,226,230,248,263,269,261,298,264,290,241,280,305,280,229,321,360,347,236,285,317,337,296,244,261,302,238,394,583,326,367,347,380,374,349,430,394,298,299,406,371,417,540,435,423,467,448,478,582,511,336,165,555,528,610,508,560,524,577,520,594,539,534,547,581,645,635,631,593,596,621,502,663,368,678,574,492,492,593,566,511,706,625,589,510,707,653,725,684,645,680,571,679,663,653,581,542,567,438,643,475,566,542,785,205,509,608,816,629,627,692,643,636,629,653,685,607,637,629,634,636,674,602,695,809,695,696,447,343,289,348,351,351,716,478,734,363,442,562,703,747,557,691,597,634,697,678,658,568,619,733,600,750,674,674,661,672,593,644,772,805,775,720,749,720,784,740,733,734,629,587,578,620,586,549,601,581,592,598,567,548,579,595,576,549,614,521,326,550,692,634,628,529,488,581,587,729,670,610,576,576,562,470,259,806,714,685,577,624,583,648,767,795,798,748,778,711,703,626,688,672,750,621,712,740,806,561,95,466,202,157,213,83,82,186,222,196,423,423,210,88,108,142,192,233,233,233,233
A2023209,2023-07-28,227,220,238,79,79,148,170,157,160,161,197,151,159,160,156,122,144,120,128,128,167,128,155,155,155,130,217,125,131,127,164,162,154,164,137,153,159,125,153,143,157,157,155,171,156,230,169,202,195,210,186,212,198,248,237,256,266,277,268,314,271,289,253,299,308,277,230,316,331,336,250,297,318,331,288,255,252,320,260,426,604,312,343,358,385,381,317,440,394,385,331,389,401,411,560,464,460,518,503,528,647,572,333,323,559,514,663,516,590,533,596,540,632,571,561,578,643,637,678,668,640,609,644,574,716,394,685,551,526,526,611,570,553,605,584,571,521,682,641,695,663,646,719,587,645,656,659,587,639,588,626,693,622,619,594,768,603,545,579,763,599,620,690,610,619,609,647,713,604,622,615,618,618,641,575,693,762,694,695,464,432,451,437,439,439,727,523,701,448,505,599,679,703,538,705,682,643,689,675,646,704,679,716,589,680,612,612,611,648,681,650,750,823,783,743,764,731,786,731,724,724,688,623,619,613,635,652,657,615,600,689,655,640,686,690,672,656,688,714,711,685,710,704,703,766,715,782,697,730,695,752,736,736,753,736,776,831,748,744,725,734,805,777,792,787,797,776,792,726,720,765,682,734,752,759,691,757,816,600,384,580,369,418,397,455,454,442,450,415,468,468,415,276,519,286,236,337,337,337,337
A2023225,2023-08-13,230,222,241,85,85,147,164,154,157,158,196,146,155,154,150,120,140,118,129,129,163,129,153,153,153,128,202,123,132,127,160,162,154,164,135,152,163,127,154,143,160,160,158,176,148,236,165,196,187,203,199,204,215,267,245,271,266,278,273,310,262,250,243,293,339,285,232,331,345,355,250,302,330,351,291,280,272,401,270,534,717,402,412,435,483,475,378,538,478,280,302,369,423,417,572,543,533,621,577,573,675,606,427,264,572,562,655,554,613,571,661,615,651,601,596,615,674,682,682,673,628,608,674,597,753,389,696,597,511,511,611,577,535,701,620,598,545,700,663,715,680,700,732,676,663,644,661,611,639,608,669,707,641,658,613,795,720,588,608,771,626,646,640,673,668,670,603,694,652,646,653,646,646,683,582,684,758,685,686,192,200,89,195,199,199,699,367,706,209,319,529,680,703,526,708,689,620,666,690,668,705,674,691,563,699,640,640,619,636,665,636,715,801,735,762,718,700,754,673,693,694,669,628,616,592,630,647,643,560,573,720,664,625,703,698,679,650,676,744,339,622,685,675,685,750,708,768,688,710,734,743,733,733,730,717,760,805,737,752,719,720,763,757,768,742,754,748,764,719,719,735,691,723,752,742,685,747,648,444,678,362,142,329,262,451,448,364,236,284,451,451,292,286,559,238,229,313,313,313,313
A2023241,2023-08-29,241,220,240,74,74,141,163,152,154,156,190,141,150,147,153,119,143,117,128,128,162,128,152,152,152,127,203,130,142,137,169,175,164,171,136,152,162,130,158,147,161,161,159,178,154,236,162,199,191,208,187,204,190,242,224,227,243,265,254,349,276,253,244,279,310,269,226,336,357,351,226,281,287,333,307,235,279,412,252,540,697,352,367,394,445,457,397,531,467,242,213,343,434,405,561,531,517,609,569,542,652,591,312,167,534,522,608,520,607,550,625,585,637,593,581,595,626,647,642,634,617,573,609,572,727,369,637,551,500,500,588,544,519,704,624,599,544,698,661,698,674,651,686,629,659,641,654,609,642,605,639,681,639,633,607,761,553,531,595,752,634,663,699,699,694,697,656,693,675,660,673,660,660,681,601,698,759,699,699,403,342,283,352,356,356,708,473,704,360,439,588,692,708,549,706,701,646,673,690,689,709,680,680,585,694,645,645,632,649,675,652,717,799,758,718,762,721,743,711,679,679,660,701,664,668,663,581,649,636,629,721,591,607,674,671,654,635,673,733,489,614,673,624,636,745,706,742,676,722,626,740,697,697,693,684,736,794,715,690,703,720,757,744,727,753,755,746,753,714,706,744,676,724,739,738,704,749,803,481,595,685,409,484,473,419,419,470,497,451,509,509,465,331,542,250,272,342,342,342,342
A2023257,2023-09-14,232,225,246,74,74,144,164,153,155,156,192,138,146,146,151,118,139,116,126,126,160,126,152,152,152,125,208,138,160,150,196,206,191,186,131,151,164,125,152,140,160,160,158,175,155,218,164,199,192,213,184,200,191,249,235,248,251,271,264,290,247,228,229,268,340,285,230,329,324,332,225,267,297,322,340,266,280,463,286,615,725,345,394,429,509,534,459,583,538,324,283,375,447,430,586,561,556,697,619,600,664,612,359,304,567,542,670,548,611,565,612,577,653,595,585,603,656,669,671,664,644,587,632,590,742,365,635,568,512,512,652,567,560,756,677,658,606,715,691,722,696,681,725,628,692,675,693,655,664,646,653,705,670,654,645,784,521,570,628,791,689,710,708,745,737,745,661,690,731,707,717,705,703,712,626,722,776,723,723,491,440,455,449,451,451,731,547,735,457,519,642,721,736,601,755,747,691,723,754,742,767,740,712,632,732,661,661,642,670,706,693,741,828,790,763,795,758,792,732,726,727,705,751,722,705,752,767,738,675,675,761,733,719,734,716,722,715,697,729,635,691,709,711,710,768,739,784,714,723,755,732,721,721,746,726,749,811,776,769,740,742,753,748,774,787,769,764,771,688,722,766,708,743,738,752,670,758,795,685,604,712,435,531,510,467,466,485,529,508,573,573,516,374,569,272,264,377,377,377,377
A2023273,2023-09-30,274,246,273,76,76,145,164,155,160,158,187,139,147,143,153,116,133,114,131,131,164,131,154,154,154,125,199,137,165,151,208,222,204,197,126,146,160,116,146,132,155,155,153,170,151,209,160,198,190,215,169,193,180,219,223,248,242,267,256,277,236,214,222,254,317,269,213,305,291,304,222,242,271,293,331,260,263,413,306,557,718,355,396,435,497,492,374,484,495,413,313,392,459,442,576,577,569,608,557,570,616,576,373,339,567,531,656,554,615,565,614,597,664,608,595,606,632,641,659,655,661,608,639,601,726,335,690,562,531,531,650,572,560,764,678,655,594,699,672,698,673,713,765,730,701,682,698,647,668,640,668,713,665,636,639,764,592,582,663,784,687,714,725,759,740,753,672,727,739,703,716,705,701,693,626,706,773,707,707,520,470,450,475,476,476,728,567,710,482,540,649,719,738,616,739,742,689,726,738,745,772,749,714,628,722,675,674,655,671,686,691,746,837,794,757,792,762,791,744,736,735,720,776,743,731,775,778,750,676,686,778,750,732,750,737,747,729,720,773,774,739,750,738,733,769,757,785,732,763,759,740,742,741,754,740,753,807,764,793,748,761,780,767,789,788,754,752,768,717,704,764,667,726,745,722,619,733,783,710,611,726,526,610,587,581,581,575,613,604,657,657,606,480,625,297,264,427,427,427,427
A2023289,2023-10-16,263,259,280,79,79,160,182,175,185,171,189,137,146,140,150,114,131,112,134,134,169,134,157,157,157,124,219,141,174,160,222,238,217,205,124,148,158,120,150,137,155,156,154,169,162,200,160,201,196,222,176,190,179,220,223,255,251,281,263,273,237,214,222,251,285,259,203,296,284,292,227,244,270,282,297,243,251,349,291,473,644,344,379,407,443,452,319,442,456,382,334,397,431,428,554,539,525,456,465,526,573,530,315,316,533,528,584,557,599,558,602,570,652,600,587,591,590,604,660,653,677,679,641,593,721,328,704,569,563,563,696,581,568,760,652,625,524,691,647,694,655,724,764,779,704,672,691,616,649,613,665,715,651,609,618,796,657,631,688,795,688,714,775,778,752,770,719,775,740,694,717,700,696,656,642,699,772,699,700,583,530,540,541,543,543,757,618,752,547,596,677,710,738,627,731,731,692,747,759,747,779,752,730,631,767,690,689,659,667,709,693,740,825,784,746,783,754,782,729,743,743,721,814,785,785,806,795,761,707,732,799,771,764,780,796,796,766,767,804,824,806,781,785,778,801,796,804,770,786,806,744,770,770,779,784,771,801,816,846,787,760,796,793,812,834,810,794,808,790,773,798,753,777,774,774,706,781,803,721,606,743,588,650,635,631,630,627,658,660,708,708,659,550,688,321,282,482,482,482,482
A2023305,2023-11-01,286,286,314,81,81,149,192,178,184,176,186,140,150,143,153,116,134,114,159,159,183,159,169,169,169,130,176,137,167,155,225,243,221,206,125,145,161,115,148,133,156,157,155,170,160,212,160,207,201,231,170,195,171,218,220,241,249,287,267,275,239,205,225,257,286,250,190,309,300,301,216,251,268,288,271,227,245,302,250,395,561,388,411,401,380,407,266,407,418,364,340,408,435,435,552,506,492,342,387,462,549,512,338,345,536,533,580,558,587,558,594,575,650,603,588,589,562,557,674,661,710,706,655,591,702,503,668,583,589,589,690,586,597,760,690,639,526,690,644,678,639,733,778,790,708,684,695,628,659,628,663,714,647,572,626,764,707,674,713,800,748,747,786,812,786,802,757,794,780,737,754,738,733,659,683,742,818,743,743,633,591,615,607,608,608,788,669,773,610,651,712,747,778,719,760,760,727,756,777,745,771,757,761,682,789,714,713,682,694,735,721,735,810,794,747,812,757,796,794,782,784,748,796,784,800,801,790,775,781,777,836,806,793,796,785,790,781,770,789,780,789,778,778,774,799,793,820,774,825,800,761,763,763,780,782,781,795,806,823,779,780,759,772,807,808,793,783,795,721,732,787,789,759,773,665,681,714,789,753,635,739,618,718,686,700,699,662,700,704,725,725,703,631,705,421,288,519,519,519,519
A2023337,2023-12-03,302,306,334,72,72,187,197,185,195,177,189,140,149,136,152,118,136,115,151,151,178,151,165,165,165,127,195,134,161,152,225,241,220,204,128,148,164,121,153,137,160,160,158,169,165,210,156,205,201,232,179,195,170,222,220,266,253,288,268,273,236,197,220,253,264,240,181,303,297,301,210,235,265,287,251,216,240,270,239,354,487,371,384,366,345,425,234,405,430,379,372,426,415,437,531,449,431,306,347,436,499,469,363,353,537,537,597,593,609,579,568,582,661,622,612,604,513,493,661,652,733,761,672,592,668,436,723,595,624,624,717,607,611,766,654,583,528,634,567,642,591,738,766,789,723,692,719,578,670,592,651,724,621,534,596,756,689,689,730,807,724,688,828,776,752,766,825,823,756,683,717,689,685,555,687,703,791,703,703,696,649,676,662,663,663,782,698,777,663,689,721,730,761,728,748,738,716,759,796,767,679,701,736,689,813,711,710,674,675,718,695,754,831,798,762,785,772,785,761,761,761,706,873,843,858,846,830,782,828,829,876,856,842,852,861,856,835,824,844,860,838,841,823,827,841,834,839,824,865,839,802,809,809,818,812,804,813,834,858,822,816,811,812,815,848,838,817,825,800,807,829,847,810,822,822,723,776,827,788,674,800,701,801,769,839,838,731,779,799,841,841,794,727,793,503,351,574,574,574,574
A2023353,2023-12-19,303,279,304,74,74,182,191,184,195,176,190,129,144,146,148,123,149,120,154,154,177,154,162,162,162,127,183,138,164,154,228,242,219,200,130,154,168,132,157,145,164,164,162,168,169,211,164,212,206,237,182,198,170,222,227,263,257,299,277,270,241,199,221,261,270,238,182,308,300,306,223,251,274,293,244,217,236,264,228,346,475,340,360,347,330,425,233,410,437,378,386,431,393,431,539,418,401,299,344,436,514,479,367,372,557,568,628,624,625,605,593,579,662,637,629,621,519,508,699,691,770,798,686,602,697,427,736,562,621,621,707,597,619,713,617,557,531,643,563,684,615,717,752,778,714,683,713,569,671,588,640,726,621,556,594,785,658,672,702,791,674,629,831,708,693,699,828,817,702,654,676,643,643,542,707,714,818,713,714,711,662,687,673,674,674,782,696,763,673,693,708,703,741,719,711,690,691,723,753,702,617,651,737,664,800,692,691,657,666,737,673,778,865,804,762,788,762,805,750,765,767,692,782,768,790,743,728,716,833,820,831,796,787,822,834,813,784,794,792,876,842,821,807,809,823,810,825,796,861,831,769,790,790,805,798,776,825,804,835,795,783,816,796,792,813,814,794,802,811,793,791,803,788,809,784,684,760,816,769,706,816,686,790,758,811,811,709,756,780,812,812,777,702,811,496,334,553,553,553,553
A2024001,2024-01-01,302,304,333,81,81,201,218,196,204,184,190,133,148,146,151,120,146,118,161,161,189,161,172,172,172,130,203,136,162,153,227,238,217,208,133,152,169,127,157,143,165,165,163,175,168,214,162,209,204,234,181,195,170,212,217,260,253,288,268,263,234,197,218,254,254,241,182,311,306,309,212,245,277,296,240,210,235,264,203,343,475,350,367,347,328,432,226,398,437,365,369,415,396,421,515,424,406,295,339,420,512,471,350,349,520,548,611,597,603,585,573,590,634,615,609,603,503,491,677,670,744,771,656,579,668,464,716,560,631,631,682,591,610,699,619,554,544,615,536,647,581,726,758,785,703,668,700,554,650,572,617,703,601,533,577,750,643,682,701,792,665,601,829,636,635,631,823,814,642,630,636,618,620,523,703,711,820,710,711,697,654,688,665,667,667,775,682,751,666,684,692,681,714,710,696,664,678,722,707,662,574,620,752,647,779,669,669,644,664,735,663,759,836,785,750,768,735,787,721,749,752,665,754,751,777,662,630,660,821,803,825,763,749,796,818,781,751,779,785,881,832,814,792,798,816,797,821,785,878,833,795,803,804,799,786,762,819,802,843,798,774,809,782,788,774,791,777,790,776,758,772,771,753,795,765,632,725,850,757,710,818,663,779,744,792,791,665,729,756,755,755,755,684,805,476,313,544,544,544,544
A2024017,2024-01-17,373,372,406,88,88,208,231,214,227,192,197,137,149,149,162,123,152,121,172,172,197,172,178,178,178,134,191,136,158,151,224,231,210,202,133,154,169,129,158,146,166,166,163,174,165,209,162,208,202,232,181,193,170,218,219,253,245,285,266,262,232,200,215,252,247,241,178,308,297,304,211,243,269,290,232,214,231,252,208,323,452,343,359,342,323,423,211,383,427,360,379,419,392,420,499,409,391,285,328,398,500,458,415,352,521,541,597,584,587,572,568,579,628,607,599,593,483,484,680,672,741,761,654,566,671,458,707,563,626,626,662,590,603,677,604,544,552,595,520,641,574,717,748,803,701,668,705,545,636,563,603,696,591,522,568,748,679,673,691,792,635,567,824,585,584,574,822,808,607,583,593,583,584,507,654,676,780,675,676,662,628,662,639,640,640,762,655,730,640,660,663,657,696,659,647,625,649,683,624,595,535,576,744,613,759,651,651,624,640,723,631,745,849,779,737,751,704,792,705,738,742,646,567,588,649,532,528,582,779,738,752,672,654,734,746,668,648,724,761,892,797,748,739,732,786,726,780,705,861,800,747,750,750,747,736,726,843,771,820,735,672,752,723,746,827,805,752,774,724,703,714,703,698,773,754,650,738,844,720,714,823,612,741,707,684,684,593,681,697,596,596,701,653,798,444,318,531,531,531,531
A2024033,2024-02-02,290,335,365,101,101,207,204,210,234,194,193,152,161,156,169,123,144,121,174,174,209,174,192,192,192,138,198,138,156,150,218,225,206,193,137,158,175,131,161,146,170,170,167,178,166,228,165,213,206,234,175,194,169,226,219,253,246,286,265,267,230,199,214,252,246,241,182,305,296,302,221,248,271,289,239,206,229,248,202,314,426,332,345,333,315,417,214,386,426,344,356,397,380,405,497,404,385,281,325,398,491,454,366,325,513,533,577,584,590,569,558,566,636,615,605,600,477,486,676,668,737,752,650,566,668,412,685,559,624,624,631,583,597,653,596,537,554,593,515,655,583,705,740,787,697,663,699,540,635,559,597,692,588,519,564,752,668,671,686,793,623,552,822,569,569,557,813,796,590,567,578,570,573,498,656,675,800,674,675,642,615,661,627,629,629,765,647,729,629,652,657,651,688,646,644,618,641,667,598,576,520,559,727,619,752,643,643,618,630,701,619,742,852,791,736,742,697,769,711,720,725,623,513,542,591,473,470,539,746,701,694,610,597,687,709,604,589,670,704,878,769,725,709,692,779,702,766,660,840,780,720,720,720,709,700,708,828,740,808,694,622,669,652,684,761,734,680,701,640,630,642,606,627,771,715,620,661,810,693,678,810,572,708,673,650,651,578,656,664,593,593,669,650,801,464,317,534,534,534,534
A2024049,2024-02-18,350,367,403,95,95,230,231,224,239,214,214,180,187,156,173,126,165,123,176,176,203,176,185,185,185,138,218,147,161,155,219,223,204,195,140,160,174,134,164,151,171,171,168,181,169,224,168,218,211,238,180,197,170,232,222,260,249,286,266,271,232,205,217,253,252,250,186,310,297,307,223,253,274,293,243,217,234,254,210,322,414,352,363,351,337,427,219,400,436,342,353,403,387,411,498,402,383,283,332,401,492,456,353,345,519,534,580,575,584,566,566,578,646,625,611,605,484,482,678,669,740,752,654,562,654,412,701,572,629,629,659,593,593,646,588,528,541,592,513,646,576,712,755,795,699,668,703,534,641,554,606,696,583,503,559,753,720,676,685,800,617,544,821,565,563,551,811,792,581,556,571,564,566,500,654,676,789,675,676,617,604,655,617,618,618,767,639,733,620,644,650,650,688,652,643,618,638,667,583,566,517,552,729,607,755,644,644,619,628,693,614,727,837,763,712,718,675,769,698,719,725,623,476,512,560,449,452,528,728,678,691,597,578,676,707,591,575,666,731,890,783,750,725,695,755,684,753,651,849,789,716,709,709,713,697,716,830,757,822,691,603,651,629,670,766,718,663,686,638,616,603,594,606,760,687,598,666,829,705,736,835,531,696,655,646,646,580,635,653,616,616,658,627,822,479,315,528,528,528,528
A2024065,2024-03-05,397,380,419,94,94,239,233,234,254,223,211,215,227,163,190,139,185,135,183,183,201,183,185,185,185,144,213,144,163,155,222,221,203,201,140,163,178,139,167,153,174,174,171,183,165,226,168,217,210,238,183,200,176,232,227,260,248,285,267,276,226,207,215,255,253,249,191,312,303,310,218,257,278,296,247,217,240,254,206,318,413,348,368,357,339,426,222,389,430,358,375,423,396,427,487,426,407,299,337,414,481,449,402,359,534,523,603,558,565,551,573,590,622,598,588,580,476,466,695,684,728,755,658,558,667,450,681,576,626,626,653,594,589,637,578,516,510,597,519,644,576,715,757,779,702,668,703,528,624,545,608,700,583,500,553,747,616,671,684,801,623,542,807,560,553,544,799,782,570,537,559,558,561,500,666,684,785,684,685,605,598,655,612,614,614,752,632,732,616,638,643,644,679,634,655,608,635,678,583,576,539,570,737,610,733,641,640,615,623,691,616,740,851,784,731,726,683,786,688,742,749,639,469,513,547,438,452,534,714,669,678,580,565,674,694,582,565,650,706,879,789,755,721,685,763,685,764,646,834,771,687,686,686,680,673,687,833,732,810,667,563,594,587,656,734,699,644,669,595,591,567,578,581,743,667,624,649,811,544,539,321,514,499,503,624,624,366,572,573,626,626,555,602,452,464,310,500,500,500,500
A2024097,2024-04-06,351,358,395,88,88,235,233,224,235,222,216,233,256,159,192,144,200,141,178,178,219,178,200,200,200,151,250,153,173,164,240,250,228,216,142,164,184,134,174,157,181,181,178,190,169,226,165,217,211,238,176,203,188,241,237,260,260,298,281,286,246,220,225,262,266,266,199,331,312,326,226,269,291,311,256,223,252,263,227,330,411,381,399,384,361,441,239,396,442,357,380,435,420,442,483,436,417,307,339,423,475,444,356,317,550,501,622,530,539,527,570,572,589,552,552,540,476,449,715,705,732,754,684,563,677,481,750,616,635,635,667,629,606,672,583,504,452,625,531,669,595,740,781,806,716,686,733,524,618,541,642,727,594,506,554,765,725,686,716,827,643,598,834,615,612,602,816,803,629,591,613,599,600,525,672,708,810,708,709,635,613,658,625,627,627,800,672,807,630,664,704,710,736,657,738,714,697,743,690,645,600,616,764,652,774,684,684,663,662,680,665,796,813,796,782,747,710,830,753,743,747,667,537,575,620,521,533,591,757,735,759,670,649,741,763,665,647,714,813,822,795,818,790,762,792,746,821,713,853,809,753,764,764,766,753,794,802,803,818,750,704,754,758,811,815,832,795,818,776,766,766,761,750,817,821,710,780,833,722,722,811,555,667,645,645,644,605,664,651,684,684,655,593,757,412,317,513,513,513,513
A2024113,2024-04-22,335,334,362,77,77,205,221,208,214,202,204,218,239,159,182,141,188,138,171,171,217,171,199,199,199,150,253,150,176,167,243,251,230,221,145,168,184,137,174,158,181,181,178,192,164,235,166,218,211,240,173,209,198,226,242,270,262,300,284,287,247,223,227,262,270,272,204,332,312,324,245,274,292,309,258,238,240,253,217,315,398,349,372,364,344,412,256,370,416,343,348,417,391,423,463,401,382,294,323,427,480,434,349,324,538,477,557,508,513,507,562,550,586,547,536,515,492,452,678,670,706,721,687,553,689,418,692,598,597,597,666,606,601,687,614,528,456,664,557,689,616,755,828,781,719,694,731,539,621,548,646,741,595,494,557,781,713,658,716,861,675,638,842,678,673,666,827,813,668,630,662,641,643,581,749,766,836,767,767,371,437,577,466,470,470,831,590,823,487,564,682,768,803,660,765,736,718,775,716,717,688,697,804,672,823,745,745,728,714,760,708,817,888,850,820,811,784,852,783,796,798,737,622,640,676,595,605,662,759,723,796,726,691,765,779,717,698,753,779,587,548,769,690,731,731,720,724,726,486,683,756,727,727,759,748,791,904,306,565,543,729,780,751,583,866,809,752,741,788,793,777,806,760,844,813,762,607,125,238,648,443,432,454,428,587,586,518,616,585,619,619,540,488,633,363,350,445,445,445,445
A2024129,2024-05-08,278,318,356,86,86,194,212,199,206,198,211,204,223,162,184,136,175,133,165,165,192,165,184,184,184,143,209,141,160,149,206,199,182,188,150,180,188,130,167,152,180,179,176,186,164,244,171,205,200,216,156,177,205,192,222,252,249,285,269,281,249,232,233,258,241,263,201,337,338,344,231,277,308,330,205,112,279,292,254,365,447,351,329,354,359,421,285,427,441,390,298,423,427,441,475,255,291,315,339,466,487,442,360,283,561,469,656,500,518,503,624,586,596,520,521,507,527,517,740,737,694,702,699,547,741,170,694,596,585,585,647,614,585,704,598,530,441,683,593,725,655,755,802,683,739,716,730,547,589,552,649,761,583,524,558,810,660,601,682,834,642,630,801,655,652,645,748,729,642,622,644,628,631,605,717,760,837,761,761,461,381,487,414,417,417,808,546,794,430,515,645,742,768,582,750,719,687,774,693,694,689,679,777,633,782,719,719,708,695,718,681,798,876,832,805,805,772,830,787,781,784,707,581,613,653,583,598,651,695,688,758,708,674,740,763,700,686,737,762,703,760,799,766,759,816,770,835,742,798,784,771,750,753,782,755,596,880,782,797,746,713,773,782,834,825,833,813,830,781,767,784,779,764,800,834,739,787,799,686,676,756,418,530,508,502,502,517,590,530,570,570,529,376,696,355,321,414,414,414,414
A2024145,2024-05-24,291,290,320,84,84,181,198,184,192,184,211,192,207,163,180,133,167,130,150,150,194,150,179,179,179,142,237,148,162,156,208,198,185,183,152,185,191,121,163,149,180,179,175,188,176,236,198,227,220,232,134,206,225,243,235,278,281,299,286,294,274,276,252,275,266,274,220,341,368,361,255,301,335,353,312,239,312,338,281,398,471,282,311,310,321,358,340,384,384,122,118,106,203,127,383,381,379,378,353,395,468,405,199,129,361,187,112,191,333,285,163,170,371,345,374,417,470,275,338,332,466,433,407,251,115,244,525,383,381,381,307,394,213,141,139,131,205,141,199,234,207,193,155,98,140,188,292,158,140,178,432,361,264,78,193,630,223,324,370,579,234,314,576,526,462,497,538,550,356,408,400,331,350,316,688,498,788,490,492,479,397,489,420,423,423,582,481,636,433,466,532,620,626,447,636,585,572,675,625,650,320,491,624,497,604,577,577,547,516,725,521,456,253,497,501,488,468,517,671,670,675,525,534,568,594,511,545,546,621,625,684,646,616,680,658,621,622,682,716,524,654,733,688,683,771,726,782,686,756,751,751,738,740,736,704,576,863,751,748,718,701,753,762,798,801,815,783,805,712,725,759,729,727,745,663,740,773,804,562,706,717,376,517,483,519,518,478,557,507,510,510,505,323,464,370,239,346,346,346,346
A2024161,2024-06-09,260,256,277,85,85,166,187,174,179,175,197,177,191,153,167,127,160,125,140,140,183,140,169,169,169,136,229,146,155,148,197,191,179,182,168,197,201,126,164,154,186,184,180,193,191,237,185,228,224,251,-3,196,-20,197,147,252,314,326,297,314,354,449,366,359,59,312,238,350,475,433,149,336,445,442,157,189,465,496,434,557,625,156,148,271,388,452,508,507,486,-13,-11,29,355,218,504,382,396,541,497,559,404,452,23,-15,505,459,685,485,513,484,647,574,568,503,514,506,475,585,730,705,597,610,668,561,678,139,606,554,202,202,560,503,570,701,602,544,366,702,632,729,688,699,765,568,710,690,699,550,617,559,650,723,634,366,569,771,424,313,501,822,627,594,630,621,616,618,461,392,601,497,573,578,581,536,715,732,761,734,734,142,113,178,120,121,121,748,336,762,139,279,533,713,732,538,722,692,620,702,662,659,490,580,747,584,702,687,688,687,603,757,590,771,820,796,786,778,746,785,747,731,734,671,539,573,613,527,546,562,639,617,751,693,640,716,723,678,650,707,727,181,577,745,677,701,740,709,634,693,645,638,399,588,590,625,411,645,676,749,698,694,492,772,711,809,869,848,809,827,807,740,724,720,720,367,574,786,737,792,289,538,362,372,272,327,424,423,90,315,301,262,262,308,84,248,289,216,173,173,173,173
A2024177,2024-06-25,258,255,276,73,73,165,183,170,175,170,203,170,183,157,159,123,155,121,138,138,183,138,169,169,169,134,215,139,148,143,186,182,172,176,181,209,211,131,166,156,193,191,188,194,191,298,264,288,271,294,112,277,313,252,289,348,397,392,377,370,425,509,427,441,251,341,286,395,500,468,321,437,507,486,453,310,516,534,452,580,647,106,203,333,412,462,471,559,492,149,128,247,438,374,506,466,453,575,505,544,573,524,84,29,578,470,770,491,544,512,658,601,597,537,537,538,594,609,742,732,680,635,673,582,771,55,755,534,198,198,597,498,558,684,621,574,495,714,646,759,710,685,723,585,703,713,719,593,632,592,644,720,618,620,597,828,35,408,564,817,634,635,750,652,651,643,667,713,629,629,642,635,638,668,707,763,833,764,765,353,286,274,304,308,308,755,459,781,316,418,599,720,742,525,744,713,664,763,691,691,704,696,752,600,716,692,692,686,683,741,677,797,865,815,799,828,775,847,777,763,766,711,579,610,657,603,604,653,651,649,748,690,655,718,732,678,667,719,754,545,658,723,690,689,805,754,803,718,742,743,767,752,752,749,747,801,849,735,734,718,727,776,777,811,829,826,806,820,753,755,777,732,755,802,690,765,767,827,563,582,463,13,113,109,7,6,14,186,128,404,404,132,41,137,169,37,125,125,125,125
A2024193,2024-07-11,239,236,257,84,84,158,176,164,167,164,200,164,176,153,157,122,146,120,127,127,171,127,159,159,159,130,209,136,143,139,176,171,160,166,182,197,200,130,161,153,185,183,180,187,203,333,289,307,287,315,170,314,329,319,321,403,432,426,408,383,428,535,431,480,307,347,297,410,502,484,330,439,522,500,480,332,514,521,474,537,627,398,401,451,443,435,460,481,456,164,148,255,445,369,464,440,432,554,469,585,540,483,270,119,566,419,699,440,508,464,630,609,545,495,500,501,555,582,733,726,636,645,671,538,744,554,753,606,510,510,595,591,516,681,582,540,451,673,609,714,664,679,733,660,691,673,680,550,582,547,610,691,567,564,549,800,641,544,635,820,601,604,765,623,622,613,725,763,603,590,611,600,603,634,685,745,798,746,747,419,365,450,394,397,397,756,512,750,409,486,606,698,725,511,718,687,649,733,668,669,693,672,754,549,702,668,668,660,660,715,655,770,829,804,796,779,745,838,762,752,755,710,587,597,631,594,601,647,635,645,736,680,649,715,711,676,661,698,708,536,641,708,692,702,782,736,795,708,761,763,747,743,743,746,748,780,873,776,767,729,717,757,765,771,783,813,777,789,753,740,758,730,740,795,709,768,795,769,540,511,626,361,234,321,252,255,176,353,275,547,547,301,132,477,336,208,303,303,303,303
A2024209,2024-07-27,234,231,251,72,72,154,171,161,166,162,191,159,173,152,159,123,151,121,124,124,165,124,155,155,155,130,183,133,138,134,161,160,153,161,166,191,197,116,153,144,180,179,175,195,186,306,260,289,269,316,174,326,317,339,305,385,441,442,415,386,461,525,478,518,288,352,306,429,551,512,321,459,557,533,414,213,564,583,528,618,684,307,314,344,412,484,491,573,511,203,177,322,427,394,475,399,402,628,532,592,589,519,347,64,563,444,671,460,525,484,612,585,577,509,511,514,576,606,676,669,624,607,654,548,742,364,691,544,529,529,602,553,509,651,553,525,438,665,614,715,662,675,743,650,687,653,658,543,568,540,614,683,580,568,548,782,613,498,581,823,575,593,733,637,634,628,684,710,615,586,615,593,597,625,678,727,790,729,729,434,408,470,425,427,427,751,533,757,437,508,618,700,722,472,731,694,649,720,663,623,674,651,741,499,688,659,660,657,653,700,645,769,846,788,798,780,749,802,752,722,724,684,557,562,600,570,582,624,627,633,723,654,622,704,703,654,636,695,720,624,640,693,683,691,740,700,759,686,736,731,730,721,721,713,707,741,827,746,738,712,683,737,747,784,803,794,767,788,731,716,735,699,715,716,752,718,762,759,476,174,299,340,176,252,403,404,353,358,274,269,269,271,201,587,302,353,328,328,328,328
A2024225,2024-08-12,240,223,241,73,73,146,165,153,157,152,191,151,161,146,149,120,143,118,122,122,162,122,151,151,151,127,207,133,140,136,169,165,156,158,180,217,222,153,175,170,203,202,197,199,229,376,314,353,328,368,224,378,373,459,388,466,499,484,471,436,488,558,501,549,335,408,361,474,579,550,364,496,591,570,475,380,605,613,573,653,709,431,457,435,469,514,505,593,536,215,237,366,476,437,504,500,494,648,545,619,598,541,315,19,586,459,700,459,541,492,635,606,593,528,528,537,596,612,704,695,633,625,639,555,725,362,726,565,346,346,598,541,526,671,569,547,460,680,631,726,688,687,772,688,691,664,678,564,603,561,612,684,589,591,567,789,320,472,603,771,590,585,715,636,622,620,611,679,591,588,605,597,601,658,670,709,788,709,710,458,426,472,441,444,444,743,538,751,453,518,609,669,698,457,670,683,631,638,620,690,685,667,720,503,653,645,646,627,619,697,631,724,805,784,760,764,726,783,743,725,726,683,610,593,621,601,604,637,588,596,706,638,605,671,677,637,623,653,720,660,651,661,669,666,734,696,772,668,739,724,725,711,711,638,638,697,819,727,721,709,691,730,742,762,777,782,756,773,718,710,735,694,716,736,790,686,748,785,661,703,709,438,492,494,442,441,462,530,490,555,555,498,429,557,280,303,392,392,392,392
A2024241,2024-08-28,231,231,252,72,72,148,169,157,161,153,187,145,155,143,141,117,140,115,120,120,157,120,149,149,149,124,177,134,141,137,169,171,161,166,184,220,223,153,176,171,205,203,199,202,229,379,313,350,326,357,273,372,358,421,369,456,451,451,435,434,473,536,478,509,332,398,352,467,559,533,358,479,571,551,469,375,587,602,567,643,721,358,420,417,444,482,448,548,503,365,273,386,442,434,498,451,442,642,550,582,580,537,370,240,559,440,656,445,529,481,602,570,575,504,506,522,578,631,675,665,648,613,622,544,741,342,691,564,525,525,582,567,525,662,611,594,530,677,638,704,668,671,722,664,687,652,685,591,586,584,587,671,577,615,581,761,622,551,633,802,619,637,740,685,668,671,685,712,656,625,649,639,640,656,648,701,761,702,703,496,445,474,456,458,458,741,550,743,466,529,622,690,715,495,731,706,657,705,709,707,714,689,720,548,681,669,669,650,648,676,656,715,805,779,770,790,738,786,739,728,729,703,641,616,625,645,657,673,634,639,731,671,643,710,697,660,646,685,744,634,649,690,676,665,741,712,764,677,724,722,719,716,716,722,704,749,881,747,746,718,706,744,745,772,779,790,776,785,689,709,747,694,730,732,724,681,737,812,728,643,750,446,507,503,486,485,520,539,532,618,618,533,399,557,269,277,388,388,388,388
